barcode,product_name
00000142,Raisin Walnut Apple Bars
00000691,Peanut Butter Filled Pretzel Nuggets
00000sku,item_title
00001026,Pastry Bites Feta Cheese & Caramelized Onions
00001070,Chocolate Lava Cakes
00001437,Imported Olive Oil Packed in Italy
00001465,"Extra Virgin Olive Oil, Liter"
00001487,Creamy Peanut Butter Unsalted
00001488,Crunchy Peanut Butter Salted
00001489,Crunchy Peanut Butter Unsalted
00001499,Fire Roasted Red Peppers
00001535,Salsa Autentica
00001605,Whole Kernel Corn
00001610,Colossal Olives Stuffed with Garlic Cloves
00001911,Pop-Up Sponges
00001977,Cracked Wheat Sourdough Bread
00002517,Pizza Parlanno
00003029,Orzo Italian Pasta
00003575,Chocolate Almond Biscotti
00003655,Joe's Diner Mac 'n Cheese
00003663,Chicken Gyoza Potstickers
00004062,New Zealand Sharp Cheddar Cheese
00004529,Semi-Sweet Chocolate Chips
00004856,Oven Toasted Old Fashioned Organic Oats
00004892,Pure Grade A Maple Syrup
00005985,White Cheddar Popcorn
00006219,Small Curd Cottage Cheese
00006223,Sour Cream
00006237,Organic Tofu
00006252,"Butter Quarters, Salted"
00006253,"Butter Quarters, Unsalted"
00006372,Pumpkin Butter
00006832,Caesar Salad with White Chicken Meat
00006910,Peanut Butter Filled Pretzel Nuggets
00007850,Lemon Curd
00007904,Bruschetta Sauce
00007995,Raw Almonds
00007996,Dry Roasted & Salted Almonds
00007998,Dry Roasted & Salted Pistachios
00008450,Cheese & Green Chile Tamales
00009286,Super Sweet Fresh Corn
00009292,Italian Farfalle
00009295,Italian Fusilli
00009299,"Italian 

Penne Rigate"
00009325,Double Cream French Brie
00009636,Black Beans
00009976,Organic Marinara Sauce
00010009,50% Less Salt Roasted & Salted Peanuts
00010142,Broccoli & Cheddar Cheese Quiche
00010727,Crispy Crunchy Chocolate Chip Cookies
00011364,Pumpkin Pie Spice
00011686,Cornbread Stuffing Mix
00011692,Gingerbread House Kit
00011999,Creamy Salted Peanut Butter
00012268,Petite Peas
00012462,Italian Style Turkey Meatloaf
00012491,Cream Cheese
00012493,Sparkling Apple Cider
00012498,Whipped Cream Cheese
00012564,Pretzel Sticks
00012595,Mango 100% Juice Smoothie
00012659,Portabella Mushrooms
00014589,Plain Bagels
00014626,Classic English Muffins
00014627,Whole Wheat English Muffins
00014885,Peanut Butter
00015356,SALSA AUTENTICA
00015688,Shiitake Mushrooms
00016126,Old Fashioned Blister Peanuts
00016272,Dutch Yellow Baby Potatoes
00016439,Brownie Truffle Baking Mix
00016458,Apple Cider
00016541,Shredded 3 Cheese Blend
00016574,Ground Turkey
00017733,Cinnamon Sticks
00018382,Medium Red Poinsettia
00019751,Chevre Goat Cheese
00020294,Apple Juice
00020411,Hummus Dip
00020429,Spanish Manzanilla Olives with Pimento Paste
00020459,Kosher Dill Pickles
00020468,Pound Plus Milk Chocolate Bar
00020469,Pound Plus Milk Chocolate Bar with Almonds
00020487,Panettone
00020669,Cantaloupe
00021509,Organic Hearty Vegetable Broth
00021717,Fresh Atlantic Salmon Boneless Skinless Fillet
00021888,Dijon Mustard
00022129,Milk Chocolate Peanut Butter Cups
00022295,Fresh Cranberries
00023526,Pine Cone Wreath
00024455,BBQ Cut Fresh Atlantic Salmon Fillets
00025122,Jumbo Pitted Greek Kalamata Olives
00025493,Triple Ginger Snaps
00025966,Crumbled Feta
00026366,Extra Lean Ground Beef 96% Lean / 4% Fat
00026426,Soy Sauce Reduced Sodium
00026527,Lightly Smoked Sardines in Olive Oil
00026587,White Chocolate Baking Chips
00026621,Sweetened Dried Cranberries
00027042,Organic Cane Sugar
00027677,Aioli Garlic Mustard Sauce
00028091,Pecan Pie
00028285,Spicy Jalapeño Chicken Sausage
00028909,Gourmet Fried Onion Pieces
00028950,Shiitake Mushrooms
00028965,Enchilada Sauce
00029898,Tejava Original Black Tea
00029911,Roasted Garlic Hummus
00029963,Organic Super Sweet Cut Corn
00030296,Multi-Floral & Clover Honey
00030312,Sugar Snap Peas
00030337,String Cheese
00030416,Organic Free Range Chicken Broth
00030758,Organic Baked Tofu Teriyaki Flavor
00031185,New York Deli Style Cheesecake
00031737,French Market Sparkling Lemonade
00031802,Apricots
00031883,Cambozola® Triple Cream Cheese
00032039,Yellow Squash
00032591,Organic Arugula
00032595,Organic Baby Lettuce Mix
00032603,Organic Baby Spinach
00032809,Cornbread Mix
00033331,Manchego Cheese
00033700,Mushroom Risotto
00034242,Fresh Cranberry Sauce
00034244,Fresh Cranberry Orange Relish
00034633,Holiday Centerpiece Wreath
00035784,Madeleine Cookies
00035878,Strawberries 1 Lb
00035982,Milk Chocolate Covered Mini Pretzels
00036084,Potato Pancakes
00036334,French Market Sparkling Pink Lemonade
00036420,Cilantro Salad Dressing
00036592,Joe's O's Cereal
00036745,Organic Strawberries 2 Lb
00037333,Fat Free Pizza Sauce
00037756,Organic Lemonade
00037786,Romaine Hearts
00037855,Fresh Atlantic Salmon Boneless Fillet
00037892,Belgian Cookie Collection
00038552,Honey O's Cereal
00038747,Organic Tomato Paste
00038956,Greek Olive Medley
00038981,Cracker Assortment
00038985,Salted White Corn Tortilla Chips
00039127,Meatless Meatballs
00039509,Extra Fine French Green Beans
00039884,Fresh Cut Pineapple Chunks
00040501,Maple Pecan Clusters Cereal
00040978,Chocolatey Coated Chocolate Chip Cookie Dunkers
00041580,Peonies - 5 Stems
00041747,100% Red Tart Cherry Juice
00041752,Premium Chunk White Chicken
00041911,Organic Firm Tofu
00042371,Trader Joe's Spiced Cider
00042747,Mascarpone
00042866,Organic Unfiltered Apple Juice
00042890,Small Curd Cottage Cheese
00043871,Cinnamon Graham Crackers
00044103,Yellow Cling Peach Halves
00044168,Green Onions
00044180,Asian Style Vegetables with Stir Fry Sauce
00044191,Slim Size Paper Towels
00044575,Cocoa Truffles
00044919,Italian Style Meatballs
00045029,Tomato Basil Marinara Sauce
00045141,Dark Chocolate Covered Mini Pretzels
00045226,Roasted Garlic Marinara Sauce
00046189,Chicken Shu Mai
00046769,Green Tea Unsweetened Beverage
00047002,Orange Pumpkin
00047025,Glittered Poinsettia in Tin
00047536,Espiral Vinho Verde
00047588,Sea Salt Fine Crystals
00047904,Egg Nog
00047906,Light Egg Nog
00047908,Italian Capellini
00047909,Italian Linguine
00047910,Spaghetti
00047945,Thai Vegetable Gyoza
00048053,Bananas
00048065,Almond Ginger Scent Oatmeal Exfoliant Bar
00048085,Madras Lentils
00048088,Jaipur Vegetables
00048569,Oven Toasted Old Fashioned Organic Oats
00048838,Villa Cerrina Montepulciano D'Abruzzo
00048875,Pound Plus 72% Cacao Dark Chocolate
00049356,Charles Shaw Sauvignon Blanc
00049473,Honey Mango Shave Cream
00050066,Organic Herb Salad Mix
00050097,Fall Fantasy Pumpkin
00050113,Organic Silver Dollar Pancakes
00050116,Organic Bananas
00050130,Coconut Body Butter
00050174,Sparkling White Chardonnay Grape Juice
00050199,Honey Roasted Pumpkin Ravioli
00050209,Breaded Mozzarella Cheese Sticks
00050236,Speculoos Cookies
00050237,Organic Yellow Mustard
00050256,Organic Hot Cocoa Mix
00050261,Organic Garbanzo Beans
00050262,Organic Black Beans
00050264,Organic Kidney Beans
00050304,Spicy Thai Shrimp Fried Rice
00050378,Vegetable Bird's Nests
00050408,Premium Calla Lily
00050467,"""This Strawberry Walks into a Bar"" Cereal Bars"
00050509,Sea Scallops
00050631,Dark Chocolate Covered Cherries
00050661,Delicata Squash
00050752,Dolmas
00050754,Gluten Free Joe-Joe's Chocolate Vanilla Creme Cookies
00050759,Cold Brew Coffee Concentrate
00050784,Cowboy Caviar Salsa
00050810,Organic Brussels Sprouts
00050828,Sriracha Sauce
00050920,Traditional Whole Milk Ricotta Cheese
00050953,Honey Roasted Peanuts
00050976,Colombia Supremo Coffee
00051011,Miso Ginger Broth
00051175,Mini Dark Chocolate Mint Stars
00051193,Taste Test of Caramels
00051246,Pumpkin Cranberry Crisps
00051259,Dark Chocolate Covered Peppermint Cremes
00051316,Josie's Mandarins
00051324,Jingle Jangle
00051341,Grand Reserve Chardonnay Carneros 2023
00051367,Uncooked Ground Buffalo Burgers
00051403,Solid LIght Yellowfin Tuna in Olive Oil
00051424,Harvest Blend Herbal Tea
00051425,Ultra Moisturizing Hand Cream Trio
00051435,Creamy Almond Butter No Salt
00051436,Creamy Almond Butter Salted
00051437,Crunchy Almond Butter No Salt
00051438,Carolina Gold Barbeque Sauce
00051460,Fully Cooked Pork Belly
00051467,Pumpkin Body Butter
00051475,Organic Carrots of Many Colors
00051476,Homestyle Salsa Especial Mild
00051482,Semi-Sweet Chocolate Chunks
00051484,French Vanilla Ground Coffee
00051524,Organic Brown Rice & Quinoa Fusilli Pasta
00051530,Vegetable Biryani with Vegetable Dumplings
00051604,A Dozen Macarons variés
00051753,Organic Dried Mango Unsulfured & Unsweetened
00051854,Watermelon Cucumber Cooler
00051857,Triple Ginger Brew Sparkling Beverage
00051986,Sourdough Sandwich Bread
00052078,TJ Grand Reserve Rutherford Cabernet Lot 30
00052105,Cruciferous Crunch Collection
00052148,Vegetable Fried Rice
00052252,Jasmine Rice From Thailand
00052293,Crunchy Almond Butter Salted
00052370,Pretzel Bagels
00052381,Cheddar Cheese with Caramelized Onions
00052435,Charles Shaw Chardonnay
00052436,Charles Shaw Merlot
00052437,Charles Shaw Cabernet Sauvignon
00052484,Pumpkin Bread & Muffin Mix
00052512,Matcha Green Tea Latte Mix
00052529,Irish Porter Cheddar Cheese
00052591,Hot & Spicy Chicken Wings
00052688,APPLE EACH OPAL
00052812,Chocolate Brooklyn Babka
00052954,Quattro Formaggi
00053094,Sauerkraut with Pickled Persian Cucumbers
00053155,Roasted Corn
00053210,Fresh Figs
00053250,Key Lime Pie
00053273,Fig & Olive Crisps
00053276,Quinoa Cowboy Veggie Burgers
00053340,Speculoos Cookie Butter Ice Cream
00053371,World's Puffiest White Cheddar Corn Puffs
00053421,Pumpkin Joe-Joe's Cookies
00053425,Ricotta & Lemon Zest Ravioli
00053441,Organic Creamy Peanut Butter Salted Valencia
00053515,Truffle Salami
00053516,Gluten Free Candy Cane Joe-Joe's
00053576,Pumpkin Rolls
00053681,Organic Beets
00053709,Gluten Free Stuffing Mix
00053711,Pumpkin O's Cereal
00053720,Cultured Salted Butter
00053741,Platinum Aged Balsamic Vinegar of Modena
00053743,Gold Aceto Balsamico Di Modena
00053788,Caramel Washed Gouda Cheese
00053799,Organic Sriracha & Roasted Garlic BBQ Sauce
00053835,Organic French Baguette
00053842,Chantilly Cream Vanilla Bean Mini Sheet Cake
00053843,Dark Chocolate Ganache Mini Sheet Cake
00053893,All Natural Fully Cooked Maple Chicken Breakfast Sausage
00053896,Grecian Style Eggplant with Tomatoes & Onions
00053902,100% Honeycrisp Apple Cider Unfiltered
00054163,Shishito Peppers
00054173,Garlic Spread Dip
00054241,Organic Riced Cauliflower
00054292,Gluten Free White Sandwich Bread
00054571,Ultra Moisturizing Hand Cream
00054683,Fig Cookies
00054735,Organic Roasted Vegetable Pizza
00054875,Italian Lagorai Semi-Soft Cheese
00054988,Steamed Chicken Soup Dumplings
00055005,Organic Apple Banana Fruit Sauce Crushers
00055085,Sweet Plantain Chips
00055238,Organic Coconut Milk
00055248,Greek Spanakopita
00055267,Gluten Free Pumpkin Bread & Muffin Baking Mix
00055269,Autumnal Harvest Creamy Pasta Sauce
00055277,Gyro Slices
00055283,Murasaki Sweet Potatoes
00055288,Thanksgiving Stuffing Seasoned Kettle Chips
00055294,Ghost Pepper Potato Chips
00055306,Fall Harvest Salsa
00055307,Turkey Stock
00055336,Pumpkin Spice Coffee Cups
00055352,Body Butter Trio
00055354,Winter Wassail Punch
00055386,Broccoli & Kale Slaw
00055388,Reserve Brut Rosé North Coast
00055428,Popcorn In a Pickle
00055476,Gluten Free Cinnamon Raisin Bread
00055478,Uncured Dry Rubbed Sliced Bacon
00055482,Jicama Sticks
00055559,Uncured Bacon Porchetta Pork Roast
00055562,All Natural Ground Chicken
00055571,Chicken Spring Rolls
00055583,Unsalted Dry Toasted Slivered Almonds
00055600,Mum Fleurettes
00055691,Scandinavian Swimmers
00055824,Organic Shredded Green & Red Cabbage with Carrots
00055841,Traditional Tunisian Harissa
00055860,Organic Ketchup
00055866,Organic Sweet Potatoes
00055922,Riced Cauliflower
00055923,Ground Beef Patties 80/20
00055946,"Phalaenopsis Orchid, Assorted Colors"
00055970,Mixed Mushroom & Spinach Quiche
00056006,Vegetable Spring Rolls
00056016,Premium Milk & Dark Chocolate Covered Almonds
00056018,Hatch Chile Mac & Cheese
00056059,Jumbo Pomegranate
00056083,Big Churn Chardonnay California
00056218,Choice Premium Angus Beef Flank Steak
00056224,Beef New York Strip Steak
00056225,Beef Rib Eye Steak
00056226,Beef Filet Mignon Steak
00056278,Giant Baked Beans in Tomato Sauce
00056309,Honey Walnut Shrimp
00056332,Joe Medium Roast Ground Coffee
00056333,Joe's Dark Ground Coffee
00056397,Organic Ginger Turmeric Herbal Tea
00056415,Organic Vanilla Fudge Chip Ice Cream
00056417,Unsweetened Organic Açaí  Puree Packets
00056423,Sriracha Flavored Baked Tofu
00056650,Kettle Cooked Chicken Soup
00056660,Spatchcocked Lemon Rosemary Chicken
00056661,Marshmallows
00056662,Chile Lime Seasoning Blend
00056687,Avocado Oil
00056688,Hot & Sweet Jalapeños
00056705,Tulips 20 Stem Bunch
00056774,Pumpkin Bagels
00056831,White Rum of the Gods
00056879,Mango Tangerine Scented Candle
00056880,Meyer Lemons
00056908,Grilled Jerk Chicken Thigh Skewers
00056930,Jalapeño and Honey Chevre
00056934,"Raspberries & Cream, Meyer Lemon & Cream Yogurt Cups"
00056942,Sliced New Zealand Organic Cheddar
00056995,Raw Almond Butter Creamy No Salt
00057006,Matcha Green Tea
00057007,Golden Oolong Tea
00057011,Vanilla Almond Spiced Chai Protein Smoothie
00057099,Mango Jicama Slaw
00057120,Crunchy Cinnamon Squares
00057159,Matcha Green Tea Powder
00057182,All Butter Puff Pastry Sheets
00057186,Chocolate Hold the Cone! Mini Ice Cream Cones
00057202,Organic Mini Sweet Peppers
00057243,Oven-Baked Cheese Bites
00057284,French Apple Tart
00057285,Les Petites Carrots of Many Colors
00057341,Baked Lemon Ricotta Cheese
00057359,French Roast Coffee
00057364,Sea Salt Crystals
00057365,Black Peppercorns with Grinder
00057367,Petite Pumpkin Spice Cookies
00057387,Organic Peeled & Cooked Chestnuts
00057400,Turkey Harvest Salad
00057437,Just a Handful of Rainbow's End Trail Mix
00057473,General Tsao Stir Fry Sauce
00057474,Thai Style Red Curry Sauce
00057561,Cedar Balsam Candle
00057562,Organic Grass-Fed Uncured Beef Hot Dogs
00057608,Giant Chalkidiki Olives
00057620,Mini Marshmallows
00057622,Nantucket Style Cranberry Pie
00057632,Fully Cooked Uncured Bavarian Bratwurst
00057633,Mini Quiche Duo
00057636,Moon X Pinot Noir
00057645,Scalloped Cracker Trio
00057721,All Natural Shaved Beef Steak
00057750,Chicken Burrito Bowl
00057824,Egg Salad
00057879,Organic Tomato & Roasted Red Pepper Soup
00057927,Herbes de Provence
00057928,Haunted House Chocolate Cookie Kit
00057959,Organic Seeded Bread
00057972,Organic Moroccan Mint Green Tea
00058006,Vidalia Onions
00058007,Lemon Scent Dishwasher Detergent Gel
00058012,Mixed Nut Butter
00058024,Soft Black Licorice Twists
00058025,Soft Strawberry Licorice Twists
00058033,Seasonal Bouquet
00058036,Balsamic Vinegar of Modena
00058039,Nectarines
00058040,Yellow Peaches
00058088,Italian Bigonda Cheese with Herbs
00058089,Blue Cheese Stuffed Chalkidiki Olives
00058092,Veggie Kabobs
00058114,Organic Coconut Aminos Seasoning Sauce
00058121,Organic Spicy Taco Sauce
00058191,Cranberry & Herb Supplement Drops
00058192,Honey Lemon Cough Drops
00058214,Organic Free Range Chicken Stock
00058259,Organic Red Lentil Sedanini
00058260,Grump Tree
00058288,La Burgondie Crémant de Bourgogne
00058289,La Burgondie Cremant De Bourgogne Rose Brut
00058304,Organic Hearty Minestrone Soup
00058308,Petite Bouquet
00058328,Liquid Dish Soap Lavender Tea Tree Scent
00058329,Liquid Dish Soap Citrus Scent
00058373,Bamba Peanut Snacks
00058406,Cornbread Crisps
00058408,Raspberry Hearts Cookies
00058463,Southwestern Chopped Salad Kit
00058523,NATURAL CUBED CHICKEN BREAST
00058527,Chocolate Covered Wafer Cookie
00058635,Mini Asst Succulents in Terra Cotta
00058641,Sweet Pull Apart Aloha Rolls
00058643,"Gluten Free 
Egg Fettuccine Pasta"
00058674,Quiche Lorraine
00058761,Brownie Crisp Coffee Ice Cream Sandwiches
00058808,Tomato Feta Soup
00058823,Organic Carrot Turmeric Juice Blend
00058825,Organic Jalapeño Limeade
00058861,Organic Fruit & Seed Granola
00058871,Nutritional Yeast
00058881,BBQ Seasoned Spatchcocked Chicken
00058920,Family Nijland Clover Gouda Cheese
00058923,"Sweet Corn, Burrata & Basil Ravioli"
00058940,Salame di Parma Mild Salami
00059047,Refresh Citrus Body Wash
00059063,Mexican Style Roasted Corn
00059064,Peaches & Cream Tarte
00059065,Mashed Cauliflower
00059137,Everything But The Bagel Sesame Seasoning Blend
00059139,Cauliflower Pizza Crusts
00059192,Zhoug Sauce
00059227,Organic Powdered Cane Sugar
00059248,Organic Hummus
00059249,Onion Salt
00059261,Thai Green Curry Simmer Sauce
00059322,ABC Bars
00059373,Mini Chocolate Mousse Flowers
00059415,3 Seed Beet Crackers
00059417,Extra Hot Habanero Ghost Pepper Salsa
00059448,Gluten Free Cheese Pizza With A Cauliflower Crust
00059461,Savory Herbed Chicken Thighs
00059583,Peanut Butter Protein Granola
00059721,Gluten Free Norwegian Crispbread
00059817,Pineapple
00059821,"Vegan Kale, Cashew & Basil Pesto"
00059866,Super Amazing Reusable Kitchen Cloth
00059894,Thai Tea Mini Mochi
00059941,Organic White Quinoa
00059976,Yellow Jackfruit Curry with Jasmine Rice
00059991,Green Goddess Salad Dressing
00059992,Electric Buzz Coffee Cups
00060024,Riced Cauliflower Stir Fry
00060029,Bite Size Crispy Cookies filled with Belgian Chocolate
00060047,Mexican Style Corn & Quinoa Salad
00060185,Organic Oven Roasted Turkey Breast
00060205,Greek Chickpeas with Cumin and Parsley
00060216,Jalapeño Sauce
00060255,Nori Komi Furikake Japanese Multi-Purpose Seasoning
00060276,Emma Reichart Rosé Pinot Noir
00060283,Chicken & Mushroom Pelmeni
00060290,Smoked Paprika
00060310,Key Lime Tea Cookies
00060317,Sriracha Shrimp Bowl
00060320,Cranberry Clementine Sparkling Water
00060321,Grapefruit Sparkling Water
00060335,Organic Sweet Italian Chicken Sausage
00060336,Pain Au Lait
00060338,Coconut Cold Brew Coffee Concentrate
00060349,Platinum Reserve Pinot Noir Carneros 2022
00060385,Grapefruit Scented Candle
00060389,Thai Lime & Chili Cashews
00060411,Miso Instant Ramen Soup
00060414,Dark Chocolate Orange Sticks
00060442,Wild Sockeye Smoked Salmon
00060500,White Sliced Bread
00060533,Egg Nog Liqueur
00060556,Chevre with Honey
00060564,Organic Elote Corn Chip Dippers
00060577,Gone Berry Crazy!
00060667,Shawarma Chicken Thighs
00060680,Organic French Rolls
00060687,Plain Bagels
00060689,Almost Everything Bagels
00060840,Brined Bone-In Half Turkey Breast Fully Cooked
00060842,Egg Nog Whole Milk Greek Yogurt
00060873,Lemongrass Coconut Body Oil
00060920,Scandinavian Tidings
00060932,Organic Mayonnaise
00060942,Organic Italian Artisan Gigli Pasta
00060956,Pumpkin Butternut Squash Bisque
00060984,Veggies & Greens Salad Kit
00061023,Butternut Squash Mac & Cheese
00061040,Stroopwafel Dutch Caramel Waffle Cookies
00061046,All Natural Bone-In Skin-On Chicken Thighs
00061048,Vanilla Pumpkin Scented Candle
00061072,Spicy Cheese Crunchies
00061097,Falafel Mix
00061115,Pumpkin Pie
00061122,Mini Hold The Cone Peppermint Flavored
00061125,Grande Succulent Skulls
00061136,Hyaluronic Moisture Boost Serum
00061152,Balsamic Rosemary Beef Steak Tips
00061167,Step Up to the Snack Bar Mix
00061174,Carrot Ginger Miso Dressing
00061176,Winter Wake Up Tea
00061202,Buffalo Style Chicken Poppers
00061226,Ataulfo Mangos
00061231,Organic Green Vegetable Foursome
00061251,Mini Chocolate Mousse Presents
00061267,Perfect Bar® Dark Chocolate Chip Peanut Butter Protein Bar
00061281,Brookie
00061298,Eight Candles
00061301,Lemon Basil Pasta Salad
00061302,Mediterranean Style Orzo Pasta Salad
00061353,"Tahini, Pepita & Apricot Slaw Kit"
00061364,Gluten Free Mac & Cheese
00061365,Chipotle Vegetable Quesadillas
00061403,Tikka Vegetables
00061404,Yellow Tadka Dal
00061420,Chili & Lime Flavored Rolled Corn Tortilla Chips
00061445,Fresh Mozzarella Cheese Log
00061447,Shea Butter & Coconut Oil Hair Mask
00061457,Rebuttel Chardonnay
00061467,Part Skim Ricotta Cheese
00061490,Milk & Dark Chocolate Butterscotch Bits Bar
00061497,Gingerbread Cake & Cookie Mix
00061524,Cauliflower Gnocchi
00061534,Mini Vegetable Samosas
00061550,Platinum Reserve Brut Sparkling Wine Sonoma County
00061552,Sparkling Green Apple Mineral Water
00061572,Salted Caramel Hot Cocoa
00061579,Rich Hydrating Face Sheet Mask
00061610,Hand Twisted Cinnamon Sugar Bread
00061621,Breaded Turkey-less Stuffed Roast
00061644,L'Eclat Blanc de Blancs
00061673,Chocolate Milk made with Fair Trade Cocoa
00061707,Organic No Joke Ginger Juice Shot
00061708,Organic Mighty Turmeric Juice Shot
00061710,Organic Yellow Lentil & Brown Rice Spaghetti
00061720,Sparkling Green Apple Mineral Water
00061752,Brioche Buns
00061753,Quinoa Stuffed Dolmas
00061771,Chicken Sausage Breakfast Burrito
00061798,Rose Oil Ultra Moisturizing Hand Cream
00061808,Matcha Green Tea Ice Cream
00061854,Ube Ice Cream
00061855,Organic Caesar Salad Kit
00061860,Brussels Sprouts
00061875,La Colombe Triple Cold Brew Latte
00061902,Vanilla Overnight Oats
00061905,Rose Water Facial Toner
00061916,Corvelia Cabernet Sauvignon
00061934,Italian Bomba Hot Pepper Sauce
00061942,"Unsweetened Almond, Cashew & Macadamia Nut Beverage"
00061959,Sweet Baby Thompson Seedless Grapes
00062016,Organic Mediterranean Style Salad Kit
00062023,Chocolate Chip Pain Au Lait
00062039,Grain Free Dog Treats with Peanut Butter & Banana
00062042,Joe Light Roast Ground Coffee
00062044,Spiced Chai Black Tea Concentrate
00062048,Pepita Salsa
00062070,Organic Shredded 3 Cheese Blend
00062093,Tequila Blanco
00062109,Susumaniello Ruggero di Bardo
00062124,Pasture Raised Large Brown Eggs
00062144,Gluten Free Hamburger Buns
00062146,Gluten Free Multigrain Bread
00062189,Onion & Chive Cream Cheese Spread
00062234,Organic Raw Apple Cider Vinegar
00062362,Wild Skipjack Tuna
00062369,Joe's Decaf Coffee Cups
00062405,Organic Roasted Seaweed with Sea Salt
00062480,Crunchy Chili Onion
00062481,Riced Cauliflower Bowl
00062485,Dark Chocolate Sunflower Seed Butter Cups
00062488,Fire Roasted Red Peppers
00062525,Avocado Tzatziki Dip
00062527,Ponzu Sauce
00062535,Dozen Red Roses
00062541,Jersey Gouda
00062611,Ready To Drink Cold Brew Coffee
00062632,Organic Crumbled Feta Cheese
00062648,Perfect Bar ® Peanut Butter Protein Bar
00062667,Organic Hickory Smoked Turkey Breast
00062676,Hydrangea 3-stem
00062680,Organic Earl Grey Tea
00062684,Jasper Hill Vault No 5 Cave Aged Cheese
00062718,Raorao Marlborough Sauvignon Blanc 2023
00062742,Thai Wheat Noodles
00062771,Maison Barboulot Cabernet Syrah
00062789,Organic Thick & Chunky Salsa
00062823,Cuban Style Citrus Garlic Bowl
00062834,Chocolate Chip Hold the Cone
00062839,Mini French Baguettes
00062841,Organic Cold Pressed Green Juice Beverage
00062865,Organic Stone Ground Blue Corn Taco Shells
00062883,Organic Petite Potato Medley
00062899,Egg Frittata
00062904,Jerk-Style Plantain Chips
00062905,Nonfat Plain Greek Yogurt
00062909,Coffee Lover's Espresso Beans
00062910,Sea Salted Saddle Potato Crisps
00062918,Organic Cold Brew Raspberry & Currant Black Tea
00062919,Organic Cold Brew Green Tea with Lemon
00062954,Plantain Crisps
00062955,Outside-In Stuffed Gnocchi
00062977,Patio Potato Chips
00062988,Organic Mini Flour Tortillas
00063002,Tuatea Marlborough New Zealand Sauvignon Blanc
00063076,Double Dozen Tulips
00063082,Israeli Feta
00063164,Gluten Free Almost Everything Bagels
00063192,Cauliflower Pancakes
00063197,Broccoli & Cauliflower Gratin
00063201,Mini Peppermint Meringues
00063216,Autumnal Harvest Soup
00063227,Advent Calendar for Dogs
00063244,Crispy Vegetable Pouches
00063277,Red Chili Scalloped Crackers
00063281,Organic Balsamic & Fig Dressing
00063304,Shakshuka Starter
00063353,Organic Toasted Sesame Dressing
00063355,Banana & Almond Butter Protein Smoothie
00063356,Cold Pressed Pineapple Juice
00063382,Joe-Joe's Slims
00063389,Apple Cider Foaming Hand Soap
00063427,Honeycrisp Apple Scented Candle
00063438,Organic Charles Shaw Pinot Noir
00063465,Everything But The Bagel Seasoned Smoked Salmon
00063475,Everything Ciabatta Rolls
00063482,Cold Brew Coffee Bags
00063483,Vegan Banana Bread with Walnuts
00063485,Vanilla Flavored Baton Wafer Cookies
00063486,Organic Kansas City Style BBQ Sauce
00063487,Organic Sparkling Yerba Mate Beverage
00063488,Organic Sparkling Green Tea Beverage
00063491,Organic Coleslaw Kit
00063493,Organic Charles Shaw Pinot Grigio
00063527,Spicy Uncured Charcuterie Collection
00063550,Organic Free Range Boneless Skinless Chicken Breasts
00063562,Organic Bourbon Barrel Aged Vermont Maple Syrup
00063610,Espada Pequeña Mezcal
00063625,Brussels Sprouts Sauté Kit
00063682,Black Truffle Alfredo Pasta Sauce
00063707,Sprouted Wheat Sourdough Bread
00063768,Organic Whole Milk from Grass Fed Cows  2 of 8 assets
00063804,TJ's Mushroom & Company Multipurpose Umami Seasoning Blend
00063805,Turmeric Ginger Coconut Beverage
00063872,Butter Toffee Pretzels
00063878,Halloween Gummies
00063959,Crispy Jalapeño Pieces
00063977,Nuts About Rosemary Mix
00063980,Organic Fair Trade Wake Up Blend Ground Coffee
00063991,Chile & Garlic Cashews
00064085,Wild Nova Style Smoked Sockeye Salmon
00064117,PB & J Snack Duo
00064122,Orkney White Cheddar Cheese
00064152,Savory Banana & Nuts Trek Mix
00064204,Chocolate Hummus
00064220,Whole Wheat Sliced Bread
00064233,Smoked English Cheddar Cheese with Spring Onion & Chive
00064259,Charles Shaw Red Blend
00064320,Apple Cider Donuts
00064327,Molasses Cookies
00064378,Pumpkin Spice Cream Liqueur
00064401,Guava Passion Fruit Greek Whole Milk Yogurt
00064431,Organic Sparkling Ginger + Lemon Apple Cider Vinegar Beverage
00064432,Organic Sparkling Lemon + Strawberry Apple Cider Vinegar Beverage
00064435,Focaccia Bread with Roasted Tomato & Parmesan
00064459,Ultra Hydrating Gel Moisturizer
00064499,Strawberry Mochi
00064582,Aussie-Style Chocolate Crème Sandwich Cookies
00064597,Icelandic Style Skyr Lowfat Vanilla Yogurt
00064598,Icelandic Style Skyr Lowfat Cherry Yogurt
00064656,Shea Butter & Coconut Oil Hair Serum
00064663,"Gluten Free 
Pizza Dough"
00064671,Cedar Wrapped BBQ Sockeye Salmon Fillet
00064672,Organic Açai Bowl
00064741,Blueberry Muffins
00064778,Organic Pitted Medjool Dates
00064791,"Felted Wool Trivets, Holiday edition"
00064822,Large Assorted Succulents
00064933,No Sugar Dry Rubbed Uncured Bacon
00064957,Organic Unsweetened Almond Beverage
00065012,GT's Synergy Living in Gratitude Raw Kombucha
00065049,Organic Ancient Grain & Seed Bread
00065060,Raspberry Mousse Cakes
00065061,Citrus Mousse Cakes
00065062,Dairy-Free Cheddar Style Slices
00065148,Non-Dairy Oat Beverage
00065156,La Colombe Pumpkin Spice Cold Brew Latte
00065167,Supreme Hydrating Eye Cream
00065191,Shredded Unexpected Cheddar Cheese
00065240,Protein Patties
00065256,Single Origin Organic Coconut Water
00065258,Organic Coconut Smoothie
00065259,Steamed Pork & Ginger Soup Dumplings
00065291,Black Bean & Cheese Taquitos
00065293,Mac and Cheese Bites
00065305,Virgin Cold Pressed Avocado Oil
00065311,Organic Shredded Kale
00065312,Super Lemon Room Spritz
00065333,Non-Dairy Oat Beverage
00065400,Multi-Purpose Cleaner Cedarwood & Sage
00065404,Liquid Laundry Detergent Free & Clear
00065405,Liquid Laundry Detergent Lavender Scent
00065411,Trail Mix Crackers
00065467,8 Mini Croissants
00065510,Spicy Chunky Tomato & Pepper Pasta Sauce
00065546,Truffle Pecorino
00065556,Super Sour Scandinavian Swimmers
00065569,Glazed Sour Cream Donuts
00065580,Pulled Jackfruit in Smoky BBQ Sauce
00065583,Organic Garlic Naan Crackers
00065596,Dorothy's Comeback Cow Soft Ripened Cheese
00065623,Green Goddess Dip
00065624,Buffalo Chicken Dip
00065636,Organic Toasted Sesame Oil
00065644,Organic Fuyu Persimmons
00065666,Garlic & Onion Pistachios
00065670,Organic Cold Pressed Orange Juice
00065759,Cinnamon Brooklyn Babka
00065874,Cacio e Pepe Ravioli
00065920,Beef Pho
00065930,Dark Chocolate Salted Caramel Bar Thin
00065967,Cuban Style Citrusy Garlic Seasoning Blend
00065977,Sweet Mini Peppers
00066005,Hydrangea in Self Hydrating Pot
00066015,Cauliflower Slims
00066033,Advent Calendar for Cats
00066036,Chocolate Peppermint Loaf & Baking MIx
00066040,"Felted Wool Garland, 9 ft"
00066054,Mini Cheesecake Cones
00066056,Maple & Sea Salt Kettle Corn
00066065,Fall Leaf Corn Tortilla Chips
00066069,Truffle Dip
00066070,Truffle Powder Seasoning
00066094,Peanut and Crispy Noodle Salad Kit
00066115,Peony Tulips Bunch
00066144,Gluten Free Pumpkin Spice Bagels
00066148,Autumn Maple Coffee
00066183,Breaded Fried Ravioli
00066220,12 Days of Beauty - A Curated Collection
00066248,Baby Cauliflower
00066253,Herbed Tahini Sauce
00066262,Shredded Pizza Seasoned Toscano Cheese
00066284,Candy Cane Joe-Joe's Ice Cream
00066292,85% Dark Chocolate Bar from Uganda
00066293,Lemony Arugula Basil Salad Kit
00066299,Dairy-Free Mozzarella Style Shreds
00066314,Organic Pure Bourbon Vanilla Extract
00066320,Peppermint Foaming Hand Soap
00066323,Root Vegetable Fries
00066340,Gluten Free Ginger Turmeric Granola
00066375,Unsweetened Non-Dairy Hemp Beverage
00066400,Spicy Chakri Mix
00066402,Organic Vermont Maple Syrup
00066408,Plantain Croutons
00066410,Mini Cranberry Pistachio Biscotti
00066430,Cocoa Cream Liqueur
00066433,Brioche Hot Dog Buns
00066436,All Butter Puff Pastry Sheets
00066458,I Dream of Chocolate Cake
00066484,Hark and Holly Glühwein Mulled Wine
00066493,Olive & Herbs Mixed Nuts
00066549,Peppermint Mini Marshmallows
00066563,Mandarin Orange Chicken
00066569,100% Orange Juice No Pulp
00066571,Orange Peach Mango Juice
00066572,Organic Orange Strawberry Banana Juice
00066573,Organic Pumpkin
00066632,Sunflower Seed Spread
00066649,Opaline Pinot Noir Brut Rosé
00066714,Tomato Ketchup with Black Summer Truffle
00066728,Sweet Italian Sausage made with Pork
00066729,Hot Italian Sausage made with Pork
00066788,Loudenotte Pinot Noir 2022
00066803,Dill Pickle Hummus
00066804,Everything But The Elote Seasoning Blend
00066811,Everything But The Gluten Crackers
00066886,Kale & Cauliflower Chili
00066912,Organic Cucumber Kefir Dressing
00066915,Everything But the Bagel Nut Duo
00066922,Crispy Crunchy Champignon Mushroom Snacks
00066996,Cucumber Avocado Smoothie
00066998,Reusable Lavender Dryer Bags
00067004,Belgian Butter Waffle Cookies
00067008,Cheese Filled Fiocchetti with Pink Sauce
00067010,Organic Non-Dairy Soy Beverage Unsweetened
00067036,Jelly Bean Hearts
00067049,Grand Reserve Cabernet Sauvignon Alexander Valley 2020
00067075,Pumpkin Bisque
00067078,Organic Bran Flakes Cereal
00067111,Challah Braided Egg Bread
00067160,Ground Fermented Black Garlic
00067172,Organic Super Bread
00067207,Mediterranean Dorade
00067222,Bazaar Basket Snack Mix
00067265,Bamba with Hazelnut Creme Filling
00067300,Kentucky Best Straight Bourbon Whiskey
00067303,Hand & Body Cream with Moroccan Argan Oil
00067312,Mini Succulent Skulls
00067318,Organic Acerola Puree
00067383,Cold Pressed Watermelon Juice
00067385,Chewy Chocolate & Peanut Butter Protein Bars
00067424,Seasonal Bouquet
00067425,"Seasonal Bouquet, Large"
00067436,Instant Cold Brew Coffee
00067469,Organic Salsa
00067471,Reusable Produce Bags
00067480,Bulgogi Beef Fried Rice With Kimchi
00067489,Peanut Udon Noodle Salad
00067498,Carr Valley Cheese Glacier Wildfire Blue
00067501,Watermelon Overnight Face Mask
00067570,Reserve Columbia Valley Cabernet Sauvignon Lot 189
00067592,"Spiral Sliced Uncured Ham, Half"
00067594,Organic Chicken Nuggets
00067600,Kibbeh
00067604,Organic Watermelon Fruit Spread
00067607,All Natural Pasture Raised Heirloom Whole Chicken
00067614,Watermelon Facial Mist
00067621,Organic 92% Dark Chocolate Bar
00067622,Organic Sea Salt & Nibs 63% Dark Chocolate Bar
00067699,Amped-Up Almonds
00067700,Creamy Cauliflower Jalapeño Dip
00067705,Synergistically Seasoned Popcorn
00067706,Organic Dark Chocolate Half-Coated Rice Cake Thins
00067717,Jicama Wraps
00067751,Twisted Cookie Sticks
00067802,Charles Shaw Nouveau Red Table Wine 2024
00067809,Charles Shaw Shiraz
00067823,Cinnamon Swirl Raisin Bagels
00067830,Strawberry Non-Dairy Oat Frozen Dessert
00067837,Holiday Swag with Bow
00067844,Hearts of Palm Pasta
00067891,Dry Shampoo
00067937,New Zealand Salted Butter
00067942,Teeny Tiny Tomatoes
00068004,Almond Butter Puffs Cereal
00068005,Organic Brown Rice Cake Thins
00068006,Just The Lobsters
00068059,Vegan Cookies & Cream Vanilla Bean Bon Bons
00068069,Peppermint & Tea Tree Shampoo Bar
00068120,Organic Charles Shaw Red Blend
00068135,Pesto Rosso
00068138,Chile Spiced Pineapple
00068172,Fresh Squeezed Lemonade
00068174,Vegan Caesar Dressing
00068188,Organic Cold Brew Black Tea Concentrate
00068189,Organic Blood Orange Rooibos Herbal Tea Blend
00068227,Sesame Crusted Hardwood Smoked Ahi Tuna
00068286,Old Fashioned
00068324,Ajika Georgian Seasoning Blend
00068367,Cold Brew Coffee & Boba Coconut Non-Dairy Dessert
00068371,Hydrating Hyaluronic Body Gel Cream
00068388,Grainless Granola
00068389,Ube Mochi Pancake & Waffle Mix
00068390,"Mini Felted Wool Garland, 6 ft"
00068392,Pomander Room Spritz
00068394,Pumpkin Empanadas
00068399,Pumpkin Spread
00068408,Mini Spicy Pumpkin Samosas
00068420,Garden Vegetable Soup
00068423,Spicy Cashew Butter Dressing
00068444,Truffle Hot Sauce
00068448,White Stilton with Cranberries
00068470,Unexpected Cheddar Broccoli Soup
00068481,Absolutely Acerola Juice Shot
00068491,Organic Ground Black Pepper
00068492,Organic Ground Turmeric
00068494,Organic Ground Cinnamon
00068513,Cold Brew Coffee BBQ Sauce
00068554,Honey Aleppo Pepper Sauce
00068558,Cauliflower Crisps
00068580,Chocolate Covered Wafer Cookie with Peanut Butter Filling
00068620,Zinc Oxide Mineral Sunscreen Spray SPF 30
00068636,Pumpkin Spiced Teeny Tiny Pretzels
00068639,Italian Roast Ground Espresso
00068640,Felted Wool Trivet
00068654,Marula Facial Oil
00068663,Thai Sweet Ginger Sauce
00068709,Shelled Edamame
00068713,French Onion Macaroni & Cheese
00068787,Pumpkin Overnight Oats
00068788,Balsamic Glazed Bone-In Beef Short Ribs
00068794,A Trio of Almonds
00068814,Small Batch Vodka
00068815,Stepping It Up Spicy Snack Bar Mix
00068816,Pumpkin Spice Batons
00068819,Decked Out Tree Cookies
00068821,White Truffle Popcorn
00068825,Gingerbread Turkey Trot Cookie Decorating Kit
00068826,Cookie Mug Hangers
00068827,Candy Cane Joe-Joe's Dark Chocolate Bar
00068834,Roasted Garlic & Pesto Pizza with Deep Fried Crust
00068840,Organic Taralli and Friends Crackers
00068859,Gluten Free Pumpkin Bread
00068882,Almond Butter Chia Overnight Oats
00068885,Carb Savvy Tortillas made with Whole Wheat
00068896,Holiday Vegetable Hash
00068899,Non-Dairy Oat Beverage Maple Flavor
00068904,Harvest Apple Salad Kit
00068942,Organic Sugar Cones
00068958,Dry Roasted Maple Almonds
00068963,Scallopini Potatoes
00068965,Baton Lover's Quartet
00068966,Truffle Oil Duo
00068992,Organic Freeze-Dried Berry Medley
00069009,Vegan Gingerbread Loaf
00069011,Gingerbread Sandwich Cookies
00069013,Toscano Cheese Soaked in Chardonnay Wine
00069026,Crispy Peanut Butter Filled Milk Choc Peanuts
00069039,Sugar Plum Sparkling Beverage
00069040,Shredded Lite Mozzarella Cheese
00069041,Mobay Cheese
00069082,Everything But The Bagel Seasoned Potato Chips
00069092,Frooze Balls Peanut Butter & Jelly
00069094,Organic Spicy Honey Sauce
00069148,Grainless Tortilla Chips
00069169,Plain Whole Milk Greek Yogurt
00069241,Everything But The Leftovers Seasoning Blend
00069330,Vegan Mint & Chip Bon Bons
00069333,Fried Olive Bites
00069341,Branzino Fillets European Sea Bass
00069342,Pumpkin Blondie Brownies
00069347,TX Vodka
00069352,Portuguese Custard Tarts
00069356,Handmade Candy Cane with Cocoa Center
00069358,Candy Cane Chocolate Covered Almonds
00069447,Organic Pumpkin Spice Creamy Cashew Yogurt Alternative
00069448,Maple Espresso Black Tea Blend
00069471,Creamed Greens
00069517,Kalamata Olives with Jalapeños & Peri Peri Peppers
00069553,Organic Sweet & Spicy Pineapple  BBQ Sauce
00069556,Fruity Chewy Candy
00069558,Vegan Pasta Bolognese Bowl
00069566,Bolognese Style Tomato & Beef Pasta Sauce
00069585,Non-Dairy Chocolate Oat Beverage
00069622,Pumpkin Brioche Twist
00069628,L'Eclat Brut Rosé
00069630,Lemon Bars
00069631,Pumpkin Spice Espresso Beans
00069638,Premium Monstera
00069653,Honey Moon Viognier
00069665,Sweet Cinnamon Filled Korean Pancakes
00069707,Greek Whole Milk Yogurt Plain
00069753,Chili Sesame Oil
00069754,Marinated Artichokes On The Go
00069793,Organic Unbleached All-Purpose Flour
00069808,Organic Stone Ground Yellow Corn Taco Shells
00069823,Grated Parmesan Cheese
00069856,Mexican-Style Riced Cauliflower
00069861,Tangerine Cream Bars
00069881,Heart Shaped Macarons
00069916,Magnifisauce!
00069919,Organic Papperdelle Pasta Nests
00069974,Organic Almond Butter
00069975,Organic Creamy Salted Almond Butter
00069998,Carne Asada Burritos
00070096,Peri Peri Sauce
00070105,Kintamani Small Lot Coffee
00070117,Ethiopia Small Lot Coffee Bale Mountain
00070128,Organic Gold Potatoes
00070148,Ultra-Filtered Reduced Fat Milk
00070149,Ultra-Filtered Reduced Fat Chocolate Milk
00070151,Rosemary Sfogliette Crackers
00070152,Cecilia Beretta Prosecco Rosé
00070154,Creamed Multi-Floral New Zealand Honey
00070176,Tangy Turtles
00070185,Calrose Rice
00070186,Fruity Gummy Candies
00070190,PICKLES SPICY KOSHER DILL
00070198,Papadums Lentil and Chickpea Crisps
00070199,Thai Style Green Chili Sauce
00070222,Dark Chocolate Drizzled Plantain Chips
00070265,Kimchi & Tofu Soup
00070297,Coffee Bean Hold the Cone! Mini Ice Cream Cones
00070304,Cassava Cauliflower Blend Baking Mix
00070309,A Za'atar Tango Salad Kit
00070331,Rutland Red Leicester Cheese
00070355,Organic Tricolor Spaghetti
00070359,Argentinian Red Shrimp with Ginger Garlic Butter
00070377,Chocolate & Peanut Butter Joe-Joe's
00070378,Avocado Spray Oil
00070379,Organic Canola Oil Spray
00070380,Bloody Mary Salsa
00070397,Green & Red Hatch Chile Flakes
00070440,Sour Jelly Beans
00070441,Dark Chocolate Coffee Buzz Bar
00070453,Gluten Free English Muffins
00070457,"SOUTHERN PEACH CRISP
ICE CREAM"
00070500,Cherry Tomatoes on the Vine
00070506,Everything And the Elote Greek Style Yogurt Dip
00070511,Pineapple Fruit Spread
00070518,Crisp Crunchy Crisps
00070524,Gluten Free Cinnamon Coffee Cake Muffins
00070557,Organic Dark Chocolate Truffle Bar
00070558,Organic Milk Chocolate Truffle Bar
00070561,Organic Dark Chocolate Bar 73% Cacao
00070576,La Colombe Double Cold Brew Latte with Oatmilk
00070588,Cut and Peeled Carrots
00070609,Southwest Style Chicken Quesadillas
00070614,TJ Petit Reserve Chardonnay Mendocino County
00070625,Persian Cucumbers
00070634,Vegan Tzatziki Dip
00070636,Shredded Parmesan Cheese Alternative
00070642,Maple Poffertjes
00070644,Sparkling Cranberry Flavored Juice Blend
00070650,Cacio E Pepe Pasta Sauce
00070652,Cajun Alfredo Pasta Sauce
00070670,Vegan Ranch Crunch Salad Kit
00070672,Select Harvest Peaberry Tanzania Columbia
00070695,Peruvian Bay Scallops
00070701,BBQ Pulled Chicken
00070708,Mini Chicken Tacos
00070709,Mini Beef Tacos
00070711,Tofu Scramble with Soy Chorizo
00070721,Almond Butter Filled Pretzel Nuggets
00070745,Canestrato Pepato
00070780,"Love, Olivia Peach Wine"
00070782,"Love, Olivia Watermelon Wine"
00070784,Eggwich Breadless Breakfast Sandwich
00070801,Organic Veggie Bites
00070805,Ube Mochi
00070828,Vegan Chickpea Masala Salad
00070839,Vegan Bolognese Style Pasta Sauce
00070849,Organic Date Syrup
00070860,Peanut Butter Caramel Coated Popcorn
00070863,Reusable Flower Bags
00070883,Spicy Jollof Seasoned Rice Mix
00070886,Non-Dairy Frozen Dessert Chocolate Fudge Oat Bars
00070907,Organic Dried & Pitted Deglet Noor Dates
00070909,Vegan Caramelized Onion Dip
00070912,Lavender Hand Sanitizer Spray
00070915,Chips in a Pickle
00070918,Délice de Jenlain Semi-soft Cheese
00070925,Fresh Mozzarella Cheese Snackers
00070942,Vegan Cream Cheese Alternative
00070943,Blue Shell Sauvignon Blanc
00070961,Cauliflower Pizza Crusts
00070962,Dark Chocolate Watermelon Sticks
00071006,Candy Coated Chocolate Peanuts
00071007,Candy Coated Chocolates
00071040,Ube Tea Cookies
00071055,Vegan Enchilada Casserole
00071061,Wildberry Cheesecake Ice Cream
00071063,Japchae Korean Glass Noodles & Vegetable Stir Fry
00071068,Vegan Feta Cheese Alternative
00071089,Graham Cracker Squares
00071109,Kitchari
00071110,Strawberry Swirl Cheesecake
00071119,Hold the Dairy! Vegan Chocolate Mini Cones
00071149,Lemon Zest Madeleine Cookies
00071172,Green Goddess Gouda
00071178,Petit Reserve Sonoma Zinfandel
00071211,Brazil Nut Body Butter
00071242,Strawberry Vanilla Yogurt Pretzels
00071253,Organic Balsamic Vinegar
00071254,Organic Red Wine Vinegar
00071266,High Guard Chardonnay
00071294,Green Goddess Seasoning Blend
00071295,Cheesy Seasoning Blend
00071299,Organic Vegetarian Chili
00071302,Jumbo Love Mixed Bouquet
00071323,Organic Cacio e Pepe Puffs
00071324,Strawberry Waffles
00071332,Cinna-Dragons Gummy Candy
00071345,Dill Pickle Mustard
00071498,Organic Chunky Homestyle Guacamole
00071512,TJ Grand Reserve Rutherford Cabernet Lot 102
00071519,Oat Non-Dairy Frozen Dessert Sandwiches
00071520,Sweet & Spicy Pickle Chips & Onions
00071530,Peppermint Joe-Joe's Cream Liqueur
00071551,Tteok Bok Ki
00071552,Oat Chocolate Bars
00071595,Pimento Cheese Dip
00071622,Garlic Bread Cheese
00071631,Kerrygold Irish Cheddar with Chili Peppers
00071648,Organic Pineapple Chunks
00071649,Indian Style Garlic Achaar sauce
00071651,Gluten Free Breaded Shrimp
00071669,Classic Hamburger Buns
00071696,Wild Raw Argentinian Red Shrimp
00071698,Peach Black Tea Scented Candle
00071701,Coins of the World
00071710,O' Nog Non-Dairy Oat Beverage
00071740,Organic Joe Medium Roast Ground Coffee
00071761,Vegan Spinach & Cashew Ravioli
00071762,Gluten Free Cheese Ravioli
00071763,Fancy Cheese Crunchies
00071769,Lovely You Cabernet Sauvignon
00071770,Lovely You Rosé
00071771,Lovely You Chardonnay
00071776,Mini Chocolate Chip Pancake & Waffle Mix
00071782,Dairy Free Buttery Spread
00071806,Pumpkin Spice Hummus
00071807,Beef en Croute Bites
00071810,Turkey Sausage Stuffing Fried Rice
00071813,"Pound Plus Milk Chocolate Bar with Caramel, Pretzel, Sea Salt"
00071814,Hot Cocoa Ornaments
00071815,Autumnal Pie Truffles
00071833,Maple Walnut Biscotti
00071835,Truffle Piccante Spicy Pasta Sauce
00071836,Wine Infused Sea Salt Grinder
00071839,Caramel Sea Salt Baking Chips
00071854,Diamond Reserve Cabernet Sauvignon Stags Leap
00071861,Pumpkin Alfredo Sauce
00071863,Porcini Boneless Beef Loin Roast
00071867,Truffle Aioli
00071871,Organic Spaghetti Squash Nests
00071872,Green Bean Casserole Bites
00071873,12 Cranberry Orange Bars
00071874,Focaccia Bread Mix
00071878,Quite Possibly the World's Largest Fusilli
00071879,Ginger Spread
00071885,Entertaining Cracker Duo
00071886,Roasted Cauliflower and Orzo
00071889,Cornbread Stuffing
00071890,Four Cheese Scalloped Potatoes
00071891,Non-Dairy Pumpkin Oat Beverage
00071893,Cocoa & Sea Salt Instant Oatmeal
00071932,Reserve Cabernet Sauvignon Sonoma County 2019
00071945,Strawberry & Jalapeño Crisps
00071946,Carolina Gold Style BBQ Ridge Cut Potato Chips
00071954,Decaf French Roast Instant Coffee
00071986,Organic Vanilla Bean Paste
00071987,Spicy Mango Lemonade
00071989,Mushroom & Truffle Flavored Pesto
00072002,Ghost Vine Red Blend with Spices
00072024,Dill Pickle Mini Falafel
00072041,Spooky Bats & Cats Sour Gummy Candies
00072044,Brined Bone-In Chicken Breast
00072051,Rosemary Croissant Croutons
00072058,Organic Split Pea Soup
00072073,Gluten Free Organic Rolled Oats with Ancient Grains & Seeds
00072095,Key Lime Kettle Popcorn
00072096,Peppermint Brownies
00072104,Tres Leches Cake
00072120,Apple Cinnamon Oatmeal Bites
00072128,Tamarind Sauce
00072130,Giardino Pinot Grigio Rosé Vivace
00072131,Scar Pier Panettone al cioccolato
00072135,Okie Dokie Oat Non-Dairy Frozen Dessert
00072136,Sour Cream & Onion Flavored Rings
00072149,Pumpkin Maple Bacon Stuffies Dog Treats
00072150,Chew-Cuterie Assorted Dog Treats
00072159,Dark Chocolate Bamba Snacks
00072179,Hair Rescue Set
00072218,Villa Antica Asolo Prosecco DOCG Superiore
00072219,Reserve Russian River Chardonnay
00072221,Pink Peppermint Face & Body Mask
00072224,Petit Reserve Central Coast Rosé
00072228,Retinol Night Serum
00072267,Grain Free Cheeseburger Flavor Dog Treats
00072270,Organic Pasture Raised Large Brown Eggs
00072271,Truffle Burrata
00072300,Organic Heavy Whipping Cream
00072306,Organic Lentil Vegetable Soup
00072313,Rawhide Free Peanut Butter Flavor Dog Treat
00072321,Sesame Teriyaki Beef Skirt Steak
00072358,Parmigiano Reggiano Aged 40 Months
00072391,Peanut Butter Cocoa Marshmallows
00072392,"Organic Creamy Cashew Cultured Yogurt Alternative, Plain Unsweetened"
00072406,Brut Rosé French Sparkling Wine
00072426,Cheddar Cheese with Scotch Bonnet Chili Peppers
00072427,Tête de Moine Rosettes Semisoft Cheese
00072430,Crunchy Chili Onion Peanuts
00072471,Organic Italian Cascatelli Pasta
00072499,Balsamic Vinaigrette
00072519,Sweet Potato Habanero Hot Sauce
00072525,Organic Fusilli Corti Bucati Pasta
00072539,Arroyo Bonito Estate Dominican Republic Small Lot Coffee
00072562,Soft-Baked Sunflower Butter Cookies
00072567,Avocado Ranch Salad Kit
00072568,Organic Baby Spinach & Spring Mix Blend
00072578,Grand Reserve Pinot Noir Russian River Valley Lot 105
00072594,Platinum Reserve Pinot Noir Santa Lucia Highlands
00072598,Reserve Chardonnay Sonoma Valley 2020
00072601,Grand Reserve Pinot Noir Sta. Rita Hills 2020
00072617,Candied Pecans
00072618,Black Tea and Boba Coconut Non-Dairy Frozen Dessert
00072620,Beef Birria
00072630,Carvery Trio Dog Treats
00072658,Ratified & Repealed California Red Wine
00072676,Organic Naan Crackers
00072683,Platinum Reserve Cabernet Sauvignon Napa Valley 2020
00072700,Butternut Squash Mac & Cheese Bites
00072756,Garlic & Jalapeño Stuffed Olives
00072757,Vegan Creamy Dill Dressing
00072778,Seasoning In A Pickle Seasoning Blend
00072787,Uganda Rwenzori Mountains of the Moon Small Lot Coffee
00072788,Indian Pearl Mountain Small Lot Coffee
00072790,To the Power of C Organic Juice Blend
00072810,Dark Chocolate Almond Butter Pretzel Nuggets
00072893,French Fizz Le Blanc 2021
00072929,"Ranch 
Seasoning Blend"
00072933,Jamaican Style Beef Patties
00072937,Organic Shelled Hemp Seeds
00072944,French Fizz Le Rosé 2021
00072949,Korean Beefless Bulgogi
00072968,Blueberry Muffin Mix
00072972,Boozy Macarons
00072994,Thai Banana Fritters
00073022,Strawberry Lemonade Joe-Joe's
00073023,Gluten Free Uncured Pepperoni Pizza
00073024,Artichoke Timbales
00073030,Chicken Karaage
00073034,Cheeseburger Burrito
00073035,Kohlrabi Vegetable Pasta
00073059,Decaf Joe Medium Roast Ground Coffee
00073062,Tikka Masala Curry Sauce
00073082,Organic Artichoke Pasta Sauce
00073084,Organic Low Calorie Lemonade
00073085,Organic Low Calorie Pink Lemonade
00073090,Pappardelle Pasta
00073111,Baby Corn
00073119,Guajillo Salsa
00073127,Vegan Salmonesque Spread
00073152,Salsa Verde Flavored Corn Tortilla Chips
00073159,Black Tea Unsweetened Beverage
00073164,Madagascar Vanilla Bean Crème Fraîche
00073199,Ready Veggies
00073246,Gochujang Paste
00073282,Select Harvest El Salvador Pacamara / Nicaragua Maragogype Blend Coffee
00073297,Impossible™ Chicken Nuggets
00073304,Pizza Bread Cheese
00073314,BBQ & Black Pepper Toscano Chopped Salad
00073321,Sweet Picanté Peppers
00073329,Sliced Muenster Cheese
00073330,Layered Beef Tostada
00073406,Dark Chocolate Strawberry Bar
00073420,Egg Wraps
00073423,Sweet & Salty Umami Crunchies Rice Crackers
00073435,Organic Vegan Nacho Dip
00073466,Seasoned Corn Ribs
00073467,Gluten Free Pizza Crusts
00073468,Incredisauce
00073469,Truffle Flavored BBQ Sauce
00073475,4 Cheese Pastry Rolls
00073564,Vegan Brioche Loaf
00073566,Turkeyless Ground
00073567,Portuguese Bacalhau Tartlettes
00073568,Daily Facial Sunscreen SPF 40
00073578,Gnocchi
00073581,Beehive Promontory Cheese
00073583,"Red Bell Pepper, Garlic & Parmesan Cream Cheese Spread"
00073594,Seasoned Waffle Cut Fries
00073598,Josephine Cabernet Sauvignon 2020
00073601,Yuzu Kosho
00073603,Crispy Crunchy Peanut Butter Cookies
00073609,All Butter Shortbread Sandwich Cookies with Raspberry Filling
00073649,Chimichurri Sauce
00073652,Agrodolce White Wine Vinegar
00073657,Reserve Cabernet Sauvignon Alexander Valley 2020
00073659,Pinks & Whites Dark Chocolate Bar
00073661,Panama Rum
00073662,Sous Vide Turkey Breast Tenderloins
00073681,Yellow Cake & Baking Mix
00073683,Triple Cream Brie Cheese with Green Peppercorns
00073687,Limoncello Gouda Cheese
00073689,Buffalo Style Seasoned Almonds
00073692,Watermelon & Peach Macarons
00073707,Shrimp Boom Bah
00073711,Almond Chipotle Dip
00073721,Organic Jumbo Cinnamon Rolls
00073764,Egg Bites Cheddar Cheese & Uncured Bacon
00073765,"Egg Bites Cheese, Spinach & Kale"
00073768,Organic Biscuits
00073773,Organic Crescent Rolls
00073798,Non-Dairy Oat Creamer Brown Sugar Flavor
00073799,Creamy Cauliflower Mash
00073802,Vegan Buffalo Style Dip
00073814,White Miso Paste
00073840,Spicy Buffalo Cheddar
00073854,Buttermilk Brined Half Chicken
00073857,Bulgur Pilaf with Butternut Squash & Feta Cheese
00073910,Gluten Free Strawberry Muffins
00073917,Freeze Dried Fig Slices
00073935,Mini (Almost) Everything Bagel Sandwich Crackers
00073936,Spanish Style Rice
00073940,Non-Dairy Oat Beverage with Pea Protein
00073946,"Dark Chocolate Bark with Almond, Pretzel & Sea Salt"
00073992,Salsa de Cacahuate
00073994,Organic Poppy Seed Dressing
00073995,Strawberry Basil Vinaigrette
00073996,Perfectly Pickled Pups
00073998,Instant Boba Kit
00074031,Cashew Butter Cashews
00074047,Sous Vide Chicken Thighs
00074048,Unexpected Cheddar Chicken Sausage
00074057,Petit Reserve Rosé Napa Valley 2021
00074058,Reserve Merlot Sonoma Valley 2020
00074064,PB&C Snack Duo
00074071,Trio of Soft Licorice Twists
00074074,Chocolate Chip Poffertjes
00074076,Super Seedy Cheese Snack Bites
00074086,Spicy Tempura Seaweed Snack
00074087,Double Chocolate Wafer Cookies
00074092,When Life Gives You Lemons Make Ice Cream
00074110,Gluten Free Double Chocolate Muffins
00074111,Mini Chocolate Chip Cookies
00074122,Chiave d' Oro Raw Milk Hard Cheese
00074137,Wild Caught Cod Fillets
00074143,Sea Salt Brownie Bites
00074158,Mashed Potatoes
00074165,"Reserve Pinot Noir Sta. Rita Hills 2020, Lot #229"
00074173,Zamora Ecuador Small Lot Coffee
00074181,Unsalted Dry Toasted Sliced Almonds
00074184,Horchata Ice Cream
00074194,Hydrolyzed Collagen Powder
00074202,Joe's Joe-Joe's Granola Cookies & Creme
00074211,Organic Roasted Red Pepper and Almond Pesto Sauce
00074213,Organic Trofie Pasta
00074214,Avocado Mash
00074215,Out of this World Ice Pops
00074227,Dill-Icious Seasoned Cold-Smoked Salmon
00074248,Pumpkin Spiced Joe-Joe's Sandwich Cookies
00074249,Beach Day Gummy Candy
00074250,Blueberry Dream Frozen Dessert Bars
00074251,Gluten Free Battered Plant-Based Fish Fillets
00074252,Sfogliatella Pastry
00074256,4 Cheese Ravioli
00074291,Dark Chocolate Pineapple Sticks
00074314,Ube Spread
00074338,Dairy Free Shredded Spicy Mexican Style Blend Cheese Alternative
00074339,Chive Cheddar Cheese
00074344,Freeze-Dried Just Chicken for Pets
00074367,Fair Trade Organic Bolivian Blend
00074368,Fair Trade Organic Breakfast Blend
00074384,Italian Tomato & Red Onion Focaccia
00074409,Cracked Olive Salad
00074437,Tiny Fruity Cuties Cereal
00074453,Chilean Hake Fillets
00074457,Fair Trade Organic Sumatra Coffee
00074459,Lemon Herb Macaroni Salad
00074462,Buttermilk Ranch Dressing
00074463,Lemongrass Moisturizing Shampoo
00074464,Lemongrass Moisturizing Conditioner
00074465,Grilled Pitted Green Olives
00074472,Squiggly Knife Cut Style Noodles
00074473,Crunchy Jalapeño Lime & Onion
00074539,Snacky Clusters
00074545,All Purpose Disinfectant Cleaner
00074547,Italian Organic Striped Farfalline Pasta
00074550,Chunky Garlic & Jalapeño Hot Sauce
00074553,Triple Ginger Pretzels
00074557,Petit Reserve Cabernet Franc Paso Robles 2021
00074560,Banana Pudding Flavored Ice Cream
00074564,Italian Tomato & Burrata Ravioloni
00074565,Korean Gochujang Sauce
00074566,Sliced Korean Rice Cakes
00074568,Chhurpi Puffs Dog Treats
00074569,Portuguese Donuts
00074572,Tangerine Probiotic Sparkling Beverage
00074573,Ginger Lemon Probiotic Sparkling Beverage
00074576,Brussels Sprouts & Uncured Bacon Ravioli
00074577,Dill-icious Chopped Salad Kit
00074578,Chicken Meatballs
00074619,Gluten Free Pumpkin Streusel Muffins
00074622,Wicked Good Mini Chocolate Bars
00074624,Glazed Maple Walnut Scones
00074625,Jingle Jangle Pretzel Twists
00074627,Favorite Sweets An Inspired Truffle Collection
00074628,Belgian Cookie Trio
00074629,Mexican Style Hot Cocoa Melts
00074630,Olive Wood Spatula
00074631,Pumpkin Cheesecake Croissants
00074632,Portuguese Flor de Sal
00074633,Pumpkin Sticky Toffee Cakes
00074636,Gluten Free Triple Ginger Muffins
00074637,Salted Maple Ice Cream
00074638,Gingerbread Ice Cream
00074639,Crunchy Chili Cranberry Orange & Onion
00074643,Honey Crisp Apple Cinnamon Greek Yogurt
00074644,Fromage Pavé Red Chili Pepper
00074646,Pão D' Água Portuguese Rolls
00074647,Organic Maple Vinaigrette Dressing
00074648,Pumpkin Chipotle Roasting Sauce
00074649,Cinnamon Roll Blondie Bar Baking Mix
00074651,Ratatouille Bites
00074652,Whole Colossal Kalamata Olives
00074657,Dark Chocolate Covered Gingerbread Cookie Folk
00074658,Maple Cranberry Orange Spread
00074665,Caramel Apple Dipping Kit
00074667,Solid Light Yellowfin Tuna iin Extra Virgin Olive Oil
00074670,Solid White Albacore Tuna in Water No Salt Added
00074671,Solid White Albacore Tuna in Water Sea Salt Added
00074688,Saint André Triple Crème Brie
00074689,White Bean Chicken Chili Soup
00074695,Petit Reserve Pinot Noir Monterey County 2020
00074697,Grand Reserve Pinot Noir Napa Valley 2020
00074702,Italian Sparkling Mineral Water
00074707,Gluten Free Madeleine Cookies
00074709,Smoky & Hot Chile Powder
00074710,Vegan Heavy Whipping Cream Alternative
00074712,Onion Confit Swirls
00074714,Felted Wool Wreath
00074718,Mini Chocolate Mousse Desserts
00074734,Pizza Sprinkle Seasoning Blend
00074736,Peanut Butter Brookie
00074741,Dutch Griddle Cakes
00074742,Figo! Half Dipped Chocolate & Vanilla Sandwich Bars
00074744,Cleansing + Conditioning Hair Wash
00074745,"Red Pepper, Cranberry & Walnut Dip"
00074746,Cold Brew Gingerbread Oat Latte
00074747,Flakes & Strawberries Cereal
00074753,Organic Darjeeling Green Tea
00074755,Organic Assam Black Tea
00074757,Organic Assam Golden Black Tea
00074758,Organic Darjeeling White Tea
00074759,Organic Nilgiri Black Tea
00074764,Reserve Chardonnay Santa Lucia Highlands 2020 Lot #231
00074765,Roasted Turkey & Sweet Potato Burrito
00074768,Elote Chopped Salad Kit
00074770,Vegan Poke
00074772,Reserve Meritage North Coast 2020 Lot #232
00074773,Apple & Pumpkin Hand Pies
00074775,Old Fashioned Egg Nog Wine Based
00074781,BREAD CINNAMON RAISIN SLICED
00074783,Panoply of Organic Italian Pasta
00074786,Meatless Ground
00074787,Mee Krob Snackers
00074802,Unexpected Cheddar Cheese Spread
00074803,Syrah Soaked Toscano Cheese Spread & Dip
00074805,Gnocchi Alla Romana
00074809,Minty Flavored Cocoa Truffles
00074810,Campanology Peach Ale
00074811,Truffley Soy Sauce
00074814,Brazil Nut Body Scrub
00074821,Block Red Wine Dark Red Blend
00074840,Simply Eggless Plant Based Egg
00074863,Sumo Citrus® Mandarins
00074868,Decaffeinated Black Tea
00074869,Mango Cream Bars
00074871,Vin De Bordeaux B by Fonbadet Bordeaux 2019
00074874,Vanilla Pumpkin Hand Soap & Hand Lotion
00074887,Milk Chocolate Bar with Corn Flakes
00074888,Chai Tea Mints
00074889,Herbes de Provence Triangles
00074892,Stir Fried Garlicky Cabbage
00074895,Seedless Lemons
00074897,Cranberry Butter Cookies
00074901,Autumn Vegetable & White Bean Gratin
00074903,Sweet Cannoli Dip
00074908,Apple Crumble Pie
00074911,Uncured Apple Smoked Bacon
00074928,Holiday Bow-Wow Brunch Dog Treats
00074933,Stripey Joe
00074936,Sage Derby
00074944,Grande Succulent Skulls
00074946,Organic Reduced Fat Milk from Grass Fed Cows
00074951,Shrimp Scampi
00074953,Double Cream Brie
00074954,Organic Lemon Torchietti Pasta
00074955,Peach Mango Scented Foaming Hand Soap
00074956,"Here, Kitty Kitty! Cat Treats"
00074961,BBQ Teriyaki Chicken
00074967,Hardwood Smoked Pulled Chicken
00074968,Hardwood Smoked Pulled Pork
00075001,Italian-Style Wedding Soup
00075003,Herbes de Provence Potato Wedges
00075005,Riced Hearts of Palm
00075006,Olive Fougasse
00075007,Glazed Maple Donuts
00075010,Caramel Apple Mochi
00075054,Non-Dairy Oat Beverage Unsweetened Vanilla
00075059,Slightly Coated Dark Chocolate Almonds
00075062,Mini Chocolate Chip Croissant Swirls
00075064,Passion Fruit Rounds
00075065,Par-Baked Organic French Demi-Baguettes
00075067,Shrimp & Garlic Flatbread
00075072,Dried Australian Red Papaya
00075079,Chocolate Hazelnut Ground Coffee
00075086,Icelandic Style Skyr Lowfat Raspberry Yogurt
00075087,Sweet Italian Chicken Sausage
00075091,Reusable Sponge Cloths
00075094,Maple Spiced Nut Mix
00075106,Guatemala La Morena Peaberry Small Lot Coffee
00075108,To The Power of Seven Red Organic Juice Beverage
00075122,Fairtrade Organic Five Country Blend
00075123,Gummy Bear Flavored Lip Duo
00075126,Mini Cheeseburgers
00075146,Dominican Republic Jarabacoa Small Lot Coffee
00075147,Organic Roasted Herbal Tea
00075148,Cold Brew Iced Tea Black Tea + Lemon
00075150,Spatchcocked Sweet & Savory Chicken
00075159,Organic Creamy Mushroom Soup
00075192,Eggplant Garlic Spread
00075204,Nicaragua La Bastilla Estate Small Lot Coffee
00075215,Speculoos Cookie Butter Beer
00075219,Cheese Party Tray
00075229,Organic Mafalda Corta Pasta
00075230,Cinnamon Bun Inspired Joe-Joe's Sandwich Creme Cookies
00075231,Root Beer Float Bars
00075232,Crackling Red Fruits in the Forest Scented Candle
00075233,Mango Blueberry Chia Bowl
00075234,Chiles Rellenos con Queso
00075235,Vegetable & Cheese Enchiladas
00075236,"Crispy, Crunchy Coated Peanuts"
00075248,Blueberry & Lemon Hand PIes
00075249,Spicy Meat Pizza
00075252,Apple Tatin Tartelettes
00075253,Organic Dried Ataulfo Mango Slices
00075255,Sri Lankan Organic Mango Chutney
00075256,Ketchup Flavored Sprinkle Seasoning Blend
00075258,Tri-Colored Mini Gnocchi
00075259,Organic Sri Lankan Curry & Rice
00075260,Pronto! Amaro Aperitivo
00075270,Sweet Apple Chicken Sausage
00075283,Beef Bulgogi
00075285,Dark Chocolate Caramel Hearts
00075289,Salmon Rub Seasoning Blend
00075292,Coffee Panna Cotta
00075295,Buffalo Style Chickenless Wings
00075331,Reserve Cabernet Sauvignon Columbia Valley 2017
00075337,Fully Cooked Spiral Sliced Uncured Half Ham
00075339,Diamond Reserve Cabernet Sauvignon Oakville Napa Valley 2020
00075343,Petit Reserve Chardonnay Paso Robles 2021
00075348,Sea Breeze Castile Hand Soap
00075374,Sparkling Honeycrisp Apple Juice
00075375,Strawberries & Cream Gelato
00075388,Pomodoro Cremoso Salad Kit
00075389,Brazil Cachoeira da Grama Small Lot Coffee
00075392,Salted Caramel + Pistachio Scented Candle
00075406,Ubriaco al Cabernet
00075410,Chile Lime Flavored Fried Pork Rinds
00075412,Platinum Reserve Brut Rosé Sonoma County
00075418,Organic Apricot Preserves
00075420,Chicken Breakfast Sausage Patties
00075422,Egg Omelets with Cheddar Cheese
00075423,Organic Plain Cream Cheese Spread
00075425,Waffle Weave Cotton Kitchen Towels
00075426,Sriracha Sprinkle Seasoning Blend
00075434,Crab Paws
00075444,Teeny Tiny Avocados 6 Count
00075459,Brigadeiros
00075473,"Chicken, Lentil & Caramelized Onion Pilaf"
00075475,Chicken Cheese & Green Chile Pupusas
00075508,Unscented Deodorant
00075512,Lactose Free Cream Cheese
00075514,Chocolate Almond Protein Smoothie Beverage
00075528,Artichoke Bread Pudding
00075529,Oat Chocolate Bars with Crispy Rice & Cocoa Nibs
00075530,Panzerotti Pizza Bites
00075537,Guacasalsa
00075550,Wild Caught Boneless Grilled Sardines in Olive Oil
00075552,Reusable Silicone Food Storage Bags
00075553,Spanish Style Uncured Chorizo
00075554,Finocchiona Uncured Salami
00075555,Baked Pizza Flavored Pillow Crisps
00075556,Pretzel Breadsticks
00075557,Breaded Cheddar Cheese Curds
00075558,Whole Grain Waffles
00075564,Hot Cocoa Inspired Cream Cheese Spread
00075600,Calabrian Chili Spicy Pasta Sauce
00075602,S'Mores Ice Cream
00075603,Fruits & Greens Smoothie Blend
00075604,Mini Brioche Bites
00075607,Hold The Dairy! Mini Frozen Dessert Cones Salted Caramel
00075609,All Natural Pasture Raised Heirloom Chicken Breasts
00075610,All Natural Pasture Raised Heirloom Chicken Thighs
00075613,All Natural Pasture Raised Heirloom Ground Chicken
00075621,Organic Cranberries
00075629,Peanut Butter Chocolate Granola
00075630,Enchanted Jangle
00075635,Fragrance-Free Body Butter
00075638,"Sweet, Spicy & Tart Chile Lime Flavored Seasoned Dried Strawberries"
00075639,Tofu Sheets
00075641,Classic Bitters
00075648,Chocolate Raspberry Swirl
00075649,Scented Candle Trio - Spring Edition
00075657,Organic Pasta Quintet
00075663,Italian Black Summer Truffle Slices in Olive Oil
00075664,Woodlands Scented Candle
00075720,Reserve Syrah Wahluke Slope 2021 Lot #237
00075721,Chicken Noodle Soup
00075722,Organic Spaghetti alla Chitarra Pasta
00075723,Organic Farfalle Rigate Pasta
00075726,Felted Ilex Berries
00075739,Reserve Meritage Paso Robles 2021
00075741,Passion Fruit Granola
00075743,Joe's Os Cereal Bars
00075744,Fresh Organic Cranberries
00075747,Super Chocolatey Chocolate Chunk Cookie Dough
00075748,Celebration Cake & Baking Mix
00075749,Coconut Chickpea Curry
00075750,Hair Oil
00075752,Organic Seedy Crackers
00075756,Tortilla Española
00075759,Spaghetti Carbonara
00075760,Fudgy Cookie Dough Ice Cream
00075762,Organic Buttery Plant-Based Spread
00075767,Grilled Chicken Strips
00075772,Surf's Pup Dog Treats
00075817,Cheddar Jalapeño Pull Apart Bread
00075819,Double Chocolate Croissants
00075821,Ginger Shrimp Lo Mein
00075822,Organic Coconut Crunchy Clusters
00075827,Vanilla Cardona® Goat's Milk Cheese
00075842,Nuts About Elote Mix
00075847,Prosciutto Wrapped Fresh Mozzarella Cheese
00075848,Crispy Potato & Poblano Pepper Tacos
00075849,Super Chocolatey Gluten Free Chocolate Chunk Cookie Dough
00075851,Chocolate & Vanilla Bean Swirl Gelato
00075916,"Large Reusable Insulated Bag, Pink/Yellow"
00075918,Rainbow's End Trail Mix Bars
00075929,Kanom Krok Thai Coconut Pancakes
00075930,Lemon Pesto Sauce
00075960,Organic Conversation Olive Trio
00075961,Gluten Free Tagliatelle Pasta
00075977,Carne Asada Autentica
00075978,Green Olive Flats Italian Lingue Crackers
00075979,GIR® Baking Mat
00075983,Strawberry Lemonade Ice Bars
00075995,Skipjack Tuna Fillets in Olive Oil
00075997,Japanese Mini Taiyaki
00075998,Japanese Soufflé Cheesecakes
00075999,Organic Blueberry Preserves
00076003,Crunchy Pops
00076006,Coconut Water
00076019,Conversation Hearts Candies
00076020,S'Mores Bars
00076021,Italian Tiramisu
00076022,Garlic Gondolas
00076023,Kimbap
00076025,Caramel Palmiers
00076028,Nothing But Sweet Potato Dog Treats
00076029,Brown Sugar Boba Mochi
00076047,Brazil Nut Body Wash
00076054,Chile Seasoned Dried Mango
00076055,Shishito Crisps
00076073,Day of the Dead Cat and Dog Succulent
00076075,Motif Cabernet Sauvignon Red Hills Lake County
00076085,Mini Shrimp Bao
00076087,Shrimp Noodle Rolls
00076089,Truffle Glaze
00076090,Belgian Cookie Assortment
00076116,Spicy Honey Sauce
00076117,Peppermint Multi-Purpose Castile Soap
00076120,Organic Fruit & Vegetable Wash
00076125,Papas Rellenas
00076185,Organic Silver Dollar Pancakes
00076187,Seafood Boil
00076188,Brown Butter Salted Caramel Mini Biscotti
00076219,Mini Maple Flavored Marshmallows
00076226,Crispy Battered Calamari
00076244,Lavender Reusable Insulated Bag
00076247,"Large Reusable Insulated Bag, Teal"
00076248,"Large Insulated Bag, Yellow"
00076249,Emerald Insulated Reusable Bag
00076250,Citrus Jute Bag
00076253,Organic Uncured Grass Fed Beef Hot Dogs
00076261,Cookies & Crème Pretzel Slims
00076262,Rosatella Pasta Sauce
00076266,Meatless Breakfast Sausage Patties
00076267,Truffle Ranch Dressing
00076269,Non-Dairy Vanilla Bean Oat Frozen Dessert
00076276,Blueberry Elderflower Beverage
00076277,Crunchy Chili Onion Hummus
00076294,Garlic & Black Pepper Almonds
00076295,Celebration Cake Gelato
00076298,Garlic Shiitake Green Beans
00076300,Fine Grain Pink Salt
00076316,Taco Seasoned Gouda Cheese
00076317,Fresh Mozzarella Pearls
00076320,Blueberry Fields Hard Cheese
00076348,Vegan Pepperoni
00076360,Handheld Chicken Pot Pies
00076361,No Boil Noodles
00076362,Spicy Pink Salt with Crushed Red Chili Pepper
00076369,Tiniest Chocolate Chip Cookies
00076371,Lobster Bisque
00076372,Guava Ultra Moisturizing Hand Cream
00076395,Soft Pretzel Twists
00076407,Waterless Amaryllis
00076413,Baked Sheep's Milk Ricotta Cheese
00076418,Vegan Italian Bolognese Ravioli
00076420,Point Reyes TomaProvence Artisan Cheese
00076428,French Heritage Saint Paulin Cheese
00076436,Kosher Dill Pickle Spears
00076439,Kosher Dill Pickle Chips
00076471,Hydrating Biocellulose Face Mask
00076472,Roasted Red Pepper Hummus
00076477,Jumbo Mixed Bouquet
00076517,Peanut Butter Pillows
00076535,Roti with Thai Red Curry
00076536,Calamari Pieces in Olive Oil
00076541,Teriyaki Mushroom Mini Bao Buns
00076559,S'mores Clusters
00076560,Peanut Butter Flavored Baking Chips
00076569,Crispy Shiitake Mushrooms
00076570,Hold The Cone Tips
00076571,Dark Chocolate Dipped French Butter Cookies
00076572,Chocolate Vanilla Creme Joe-Joe's
00076604,Petit Fours Mousse Cakes
00076605,Pumpkin Spice Mini Sheet Cake
00076606,Astouding Multi-flavor Mini Pretzels
00076607,The Milk Chocolate Coin
00076611,Maple Flavored Fudge
00076612,Peppermint Flavored Baking Chips
00076615,Braised Pork Shoulder
00076619,All Butter Sugar Cookie Dough
00076625,Red Currant Scented Foaming Hand Soap
00076627,Stollen Crisps
00076629,Potato Salad
00076644,Pretzel Bread Pudding
00076645,Dark Chocolate Rondos Sprinkled with Raspberry & Strawberry & Tart Cherry
00076646,Milk Chocolate Rondos with Caramelized Pecan Crunch
00076647,Empanadas de Ropa Vieja
00076648,Holiday Peanut Butter Flavored Deocrated Dog Treats
00076650,12 Mini Pumpkin Ginger Scones
00076651,Chocolate Croissant Scented Candle
00076652,Pink Salt Bath & Body Kit
00076659,"Here, Kitty Kitty Cat Toy"
00076662,Handcrafted Felted Wool Pinecone
00076663,Handcrafted Felted Wool Pumpkin
00076664,Handcrafted Felted Wool Holiday Trivet
00076665,Double Fold Bourbon Vanilla Extract
00076666,Christmas Sprinkle
00076667,Halloween Sprinkle
00076668,Chocolatey Dipped Danish Cookies
00076669,Gift Bag for All Seasons
00076670,Mango Sticky Rice Crisps
00076675,Butternut Squash Italian Lasagna
00076676,Danish Princess Pastry
00076678,Salsa Verde Chicken Enchiladas
00076679,Single Origin 6 Milk Chocolate Batons
00076687,Something Spritzy
00076689,Halloween Decorated Peanut Butter Flavor Dog Treats
00076704,Shrimp Pouches of Many Colors
00076705,Chicken Shawarma Bowl
00076706,Salted Caramel Hot Cocoa Stirring Spoon with Mini Marshmallows
00076708,Chicken Sausage & Cheddar Cheese Breakfast Bake
00076710,Organic Midnight Moo Chocolate Syrup
00076715,Pie Crusts
00076721,Rice Vinegar
00076724,Strawberry White Stilton Cheese
00076741,Chocolate Mochi
00076743,Cinnamon Bun Inspired Pancake & Waffle Mix
00076746,Brookie Caramel Candy Clusters
00076747,Mini Canvas Tote Bag
00076749,Almond Vanilla Scented Foaming Hand Soap
00076757,Honeycrisp Apple Granola
00076763,Beef & Sweet Potatoe Recipe Stuffies Dog Treats
00076793,Reserve Pinot Noir Santa Barbara County 2022
00076795,Medium Poinsettia Assorted Colors
00076797,Grand Reserve Zinfandel Dry Creek Valley Sonoma 2021
00076799,Grand Reserve Cabernet Sauvignon Alexander Valley Lot #117
00076810,Honey Hydration Day & Night Cream Duo
00076811,Kung Pao Brussels Sprouts
00076818,Peppermint Fluoride Free Toothpaste
00076820,Sensitivity + Whitening Peppermint Fluoride Toothpaste
00076823,Brown Sugar Cardamom Buns
00076825,Mini Mochi Rice Nuggets
00076827,Sweet Ripe Plantains
00076838,Holiday Cheer Unexpected Cheddar Cheese Spread
00076839,Unexpected Cheddar Cheese Spread with Hatch Chile
00076856,Peanut Butter & Vanilla Flavored Dog Treats
00076858,Gran Capitan Hard Cheese with Black Olive Paste
00076859,Shimmering Candy Cane Body Butter
00076860,Pumpkin Body Scrub
00076862,Bourbon Vanilla Bean Paste
00076863,Chicken & Bone Broth Recipe Dog Treats
00076864,Gluten Free Blueberry Muffins
00076868,Pulled Chicken Salsa Verde
00076869,Little Gem Lettuce
00076870,Shareable Shortbread French Butter Cookie
00076884,Spicy Peanutty Noodle Bowl with Chicken
00076886,Cinnamon Sugar Toffee Trio
00076891,Organic Clove Powder
00076897,Crispy Dried Watermelon
00076905,Sliced Uncured Pepperoni
00076907,Glazed Chocolate Donut Holes
00076917,Organic Romaine & Chicory Blend
00076921,Vanilla Lip Mask
00076929,Crumbled Goat Cheese
00076950,Peas & Carrots Sour Gummy Candies
00076951,Gluten Free Pumpkin Ravioli
00076954,Non-Dairy Cinnamon Bun Oat Creamer
00076963,Aged Sheep's Milk Cheese Marinated in EVOO
00076964,Scented Candle Tin Trio
00076968,Roasted Hatch Chile & Jalapeño Cheese Dip
00077031,Grand Reserve Chardonnay Sta. Rita Hills 2021
00077032,Grand Reserve Pinot Noir Santa Lucia Highlands 2021 Lot #118
00077035,Calamansi & Mango Sorbet
00077036,Cinnamon Bun Inspired Truffles
00077039,All Occasion Sprinkle
00077041,Valentine Sprinkle
00077043,Raspberry Croissant Carré
00077061,Butternut Squash and Caramelized Onion Tart
00077076,Organic Peanut Butter & Cocoa Crunch
00077077,Organic 100% Sicilian Lemon Juice
00077083,French Roast Whole Bean Coffee
00077085,Dolce Creamy Gorgonzola Style Cheese
00077090,Okonomiyaki Japanese Vegetable Pancake
00077098,Figgy Cheddar
00077100,Thanksgiving Stuffing Seasoned Popcorn
00077101,Cinnamon Sugar Almonds
00077102,Chao Tôm
00077104,Chocolate Cheesecake Bites
00077105,Salted Caramel Swirl Danish
00077106,Iced Gingerbread Squares
00077107,Apple Cinnamon Buns
00077111,Crunchy Chili Onion Sprinkle Seasoning Blend
00077112,Non-Alcoholic Blanc Sparkling Tea
00077113,Non-Alcoholic Rosé Sparkling Tea
00077116,Soppressata Uncured Salami
00077117,Eucalyptus Scented Candle
00077157,Hot Cocoa Scented Whipped Body Scrub
00077160,Gluten Free Baguette
00077163,Nordic Reindeer Tillandsia
00077173,Handcrafted Felted Oval Wool Trivet For Fall
00077191,Gran Reserva Maule Valley Chile 2020
00077219,Organic Garlic Bread
00077247,Thai Peanut Satay Sauce
00077253,Italian Whole Peeled Tomatoes with Basil Leaf
00077283,A Turkey Walks Into a Pumpkin Patch Cookie Kit
00077284,Organic Red Butter Lettuce
00077291,Apricot Mango Greek Whole Milk Yogurt
00077295,Lemon Ginger Cheesecake
00077299,Lentils
00077301,Norwegian Sourdough Rye Chips
00077302,French Vinaigrette with Shallots
00077316,Sesame Miso Salad with Salmon
00077326,Cut Napa Cabbage
00077328,Cinnamon Swizzle Sticks
00077330,Milk Chocolate Covered Honeycomb Candy
00077333,Artichoke Bottoms
00077338,Savory Squares
00077339,Brazil Nut Body Trio
00077345,Vanilla Cookie Thins
00077429,Green Goddess Salad
00077437,Chocolatey Drizzled Strawberry Kettle Popcorn
00077448,Chicken Sausage Breakfast Bowl
00077452,Jalapeño & Cream Cheese Crispy Wontons
00077455,Teeny Tiny Apple Pies
00077466,Cinnamon Twist Danish
00077488,Garlic & Asiago Cheese Dip
00077513,Organic Mango Vinaigrette Dressing
00077515,Jumeokbap
00077519,Sonora Style Flour Tortillas
00077521,Spinach & Feta Egg White Burrito
00077522,Sugar Skull with Premium Foliage
00077524,Slow Roasted Tomatoes
00077535,Cocoa Cream Wine Cocktail
00077536,Peppermint Wine Cocktail
00077544,Peanut Butter Overnight Oats
00077555,Dulce de Leche Ice Cream
00077556,Vegetable Dumplings
00077558,Peanut Brittle
00077559,Milk Chocolate Covered Gummy Bears
00077563,Organic Free Range Boneless Skinless Thin Sliced Chicken Breast Fillets
00077578,Brain Cacti in Ceramic Skull
00077581,Yuzu Miso Topping & Spread
00077616,Energy Bar Peanut Butter
00077618,Energy Bar Chocolate Chip
00077629,A Handful of Tiny Dark Chocolate Covered Pretzels
00077630,Vegetable Tray
00077636,Aglio Olio Seasoning Blend
00077643,Organic Sparkling Rosé Tea Beverage
00077645,Boneless Grilled Mackerel Fillets
00077655,Apple Overnight Oats
00077656,Strawberry Overnight Oats
00077664,Cheddar Macaroni & Cheese
00077677,Tandoori Naan
00077691,California Roll
00077695,Vegetable Roll
00077705,Organic Elderberry Juice Shot
00077726,All Natural Fresh Mozzarella Cheese
00077728,Sliced Sharp Cheddar Cheese
00077729,Kimbap
00077732,Dark Chocolate Covered Bon Bon Cookies
00077737,Dark Chocolate & Almond Cookie Tiles
00077740,Spicy Squiggly Knife Cut Noodles
00077786,Oven Dried Red & Yellow Bell Pepper Crisps
00077788,Nocciolini Tiny Hazelnut Meringues
00077790,Meatless Meatballs
00077797,Organic Freezer Pops
00077798,Freeze Dried Tart Cherries
00077804,Orgain® Vanilla Bean Organic Protein Boost Powder
00077808,Orgain® Creamy Chocolate Fudge Organic Protein Boost Powder
00077812,Frooze Balls Caramel Choc Peanut Butter
00077814,Organic Non-Dairy Rice Beverage
00077815,Organic Non-Dairy Coconut Beverage Unsweetened
00077824,Pizza Seasoned Crackers
00077825,Teensy Candy Bars
00077826,Chocolatey Dipping Kit
00077828,Cheery Lemon Animal Crackers
00077835,Peaches + Cream Cream Cheese Spread
00077840,Rose & Finch Callifornia Red Wine 2021
00077841,Belhara Estate Malbec Single Vineyard 2021
00077864,Organic Ethiopia Guji Small Lot Coffee
00077876,Ranch Seasoned Cashews
00077884,VINTJS Sonoma County Chardonnay 2021
00077908,Super Strawberry Sorbet
00077916,Organic Apple Juice Beverage
00077918,Organic Fruit Punch Juice Beverage
00077922,Stir Fry Veggie Blend
00077923,Snickerdoodle Cookies
00077924,Java of the Gods Small Lot Coffee
00077933,Piquant Popcorn
00077977,Macaron Ice Cream Sandwiches
00077987,Sliced Seedy Multigrain Bread
00077991,Bubble Waffles
00077993,Organic Couscous
00078022,Automatic Dishwasher Detergent Packs Free & Clear
00078032,Creamy Spinach & Artichoke Dip
00078041,Brazil Nut Body Oil
00078052,Pad See Ew
00078080,Strawberry Yogurt Flavored Coated Almonds
00078081,Belgian Truffle Ballotin Box
00078086,Black Garlic Cream Cheese Spread
00078102,Brioche Style Liège Waffles
00078103,Tom Yum Seasoned Snack Mix
00078104,Strawberry Baton Wafer Cookies
00078105,Organic Spaghetti Triangoletti Pasta
00078121,Peanut Butter with Honey
00078122,Strawberries & Crème Pancake & Waffle Mix
00078136,Gluten Free Chocolate Chip Cookies
00078137,Prosecco
00078138,Sandwich Rolls
00078168,Organic Energy Juice Shot
00078169,Something Spritzy Pineapple & Orange
00078175,Sliced Roast Beef
00078176,Sliced Applewood Smoked Uncured Ham
00078209,Vanilla & Cream Yogurt
00078210,Blueberries & Cream Yogurt
00078211,Raspberries & Cream Yogurt
00078212,Meyer Lemon & Cream Yogurt
00078215,Blackened Salmon Seasoned Boneless Fillet
00078222,Spicy Chicken Nuggets
00078268,Chickpea Fusilli Pasta
00078270,Organic Farfalline Pasta
00078275,Teriyaki Chicken Bowl
00078276,Stand-Up Collapsable Grocery Tote
00078278,Organic Apple Cinnamon Fruit Sauce Crushers
00078280,Crispy Jalapeño Pieces
00078285,Turkey Chili with Beans
00078295,Pizza Party Potato Chips
00078296,Sicilian Selezione Extra Virgin Olive Oil
00078297,Hoisin Sauce
00078298,Bacon & Eggs Shaped Sweet Gummy Candies
00078299,Dark Chocolate Bark
00078301,Vegetable Root Chips
00078337,"Mini Insulated Tote Bag - Teal, Magenta"
00078341,Kenya AA Karatu Small Lot Coffee
00078381,Chocolate Berry Lip Mask Duo
00078382,Sliced Basil & Garlic Monterey Jack Cheese
00078384,Sliced Black Truffle Monterey Jack Cheese
00078393,Ivy's Reserve Somerset Red Cheese
00078395,Irish Cheddar Cheese with Irish Whiskey
00078400,Walnut Gouda Cheese
00078424,Steamed Vegetable Soup Dumplings
00078428,Spicy Dynamite Sauce
00078443,Simply Amazing Soft Dried Apricots
00078444,Vanilla Bean Whole Milk Greek Yogurt
00078446,Everything but the Bagel Cheddar Cheese
00078466,Trading Post Cabernet Sauvignon of Napa Valley 2022
00078473,Reserve Cabernet Sauvignon Wahluke Slope 2022
00078495,Organic Turmeric Twist Cold Pressed Juice Blend
00078498,Chile Crackers
00078499,Apricot Cardamom Spread
00078515,Strawberries 2 Lb
00078523,Spicy Farfalle Pasta with Italian Chicken Sausage
00078526,Cotton Picnic Cloths
00078527,French Galettes Butter Cookies
00078547,Tropical Green Tea Instant Boba Kit
00078548,Mango Mochi
00078549,Coffee Mochi
00078555,Soyaki
00078557,Thai Style Yellow Curry Sauce
00078573,Green Tea and Yuzu Spread
00078576,French Vanilla Ice Cream
00078580,Coffee Bean Blast Ice Cream
00078597,Sugar Bee® Apple
00078605,Smoked Ghost Pepper Cheddar Cheese
00078680,Sweet Mustard Dill Sauce
00078684,70% Peruvian Cacao Dark Chocolate Bar
00078687,Organic Tart Cherry Fruit Spread
00078708,Mobay® Cheese
00078709,Burrata Filling
00078717,European Grains & Seeds Bread
00078731,Tropical Bahia Brazil Small Lot Coffee
00078733,Spanish Inspired Charcuteria
00078750,Unexpected Cheddar Cheese & Turkey Sausage Egg White Bites
00078756,Spicy Tempura Seaweed Snack
00078778,Crispy Oatmeal Cookies with Sea Salt
00078780,Pumpkin & Spice Snickerdoodle Cookie Mix
00078784,Orange & Spice Scented Candle & Room Spritz
00078789,"Thick, Bold & Spicy Red Sauce"
00078791,Pizza Sauce
00078792,Caesar Salad with Salmon
00078793,Sugared Rice Cracker Stars
00078797,Double Fold Alcohol Free Bourbon Vanilla Flavoring
00078799,Bourbon Vanilla Beans
00078801,Crunchy Italian Amaretti Cookies
00078803,Candy Cane Baton Wafer Cookies
00078804,Halloween Felted Wool Garland
00078806,Autumn Felted Wool Garland
00078808,Sweet & Spicy Pecans
00078809,All Butter Apple Shortbread Cookies
00078810,Cheesy Creamy Greens & Veggies
00078836,Gluten Free Cheese Pizza
00078841,Wild Nova Style Smoked Sockeye Salmon
00078876,Everything but the Kitchen Sink Cookie Mix
00078881,Dark Chocolate Covered Pistachios
00078885,Limone Premuto Extra Virgin Olive Oil
00078889,Italian Confetti Almonds
00078898,Organic Mexico La Concordia Small Lot Coffee
00078899,Costa Rica Chirripo Small Lot Coffee
00078900,Strained Thick & Creamy Greek Yogurt Plain
00078917,Red & Emerald Mini Insulated Bags
00078925,Gluten Free Chocolate Chunk Cookies
00078927,Gluten Free Oatmeal Coconut Cookies
00078928,Sea Salt Chocolate Chunk Cookies
00078929,Cheesy Herby Biscuits
00078932,Sour Strawberry Candy Belts
00078933,Organic Maple Butter
00078936,Cacay Oil Body Butter
00078937,Spinach & Ricotta Raviolini
00078941,Premium Extra Virgin Olive Oil Cold Pressed
00078957,Daffodils Big Bunch - 20 Stems
00078961,Enchilada Sauce
00078963,Mangos
00078975,Reusable Silcone Food Storage Bag Half Gallon
00078976,Honey Roasted Macadamia Nuts & Cashews
00078977,Very Berry Granola
00078993,Langhe Nebbiolo Rosa dell Olmo 2021
00078998,Double Cream Brie
00078999,Sunday Brunch Chicken & Blueberry Waffle Recipe Dog Treats
00079003,Double Cream Brie
00079011,GT's Synergy Raw Kombucha Blood Orange Solstice
00079033,Uncured Beef Hot Dogs
00079034,Dark Chocolate Orange
00079054,Sprinkle Cake Bites
00079057,Kishu Kisses Seedless Kishu Mandarins
00079060,Cinsault Rosé Maison Barboulot
00079061,Vignobles Lacheteau Touraine Sauvignon Blanc
00079062,Lemon Flower Cookies
00079108,Mini Mushroom Tartelettes
00079109,Savory Squash Pastry Bites
00079110,Organic Fig & Honey Batard
00079111,Sweet Chili Mango Complete Salad Kit
00079114,Dinner Rolls
00079118,Jingly Jangly
00079119,English Toffee Ice Cream
00079121,Teeny Tiny Pecan Pies
00079123,Peppermint Crunch Popcorn
00079125,English Fudge Collection
00079131,Cocoa Truffles Collection
00079136,Cheddar & Parmesan Cheese Snackers
00079137,Crunchy Milk Chocolate Hazelnut Pralines
00079142,Sugar Bee® Apples
00079144,Chocolatey Caramel Pretzel Drumstick Decorating Kit
00079145,Elevated Cracker Assortment
00079147,British Shortbread Cookie Collection
00079150,Cranberry Ginger Chutney
00079153,Caramelized Onion Goat's Milk Cheese
00079157,White Stilton Cheese with Apple & Pear
00079159,Rum Balls
00079166,Almond Paste
00079168,A Trio of Chocolate Boules
00079169,Dark Chocolate Chips No Sugar Added
00079170,Soft Italian Nougat
00079171,Lemon Stuffed Olives
00079172,Organic Basmati Rice
00079173,Vanilla Cardamom Cold Brew Coffee
00079175,Spiced Cranberry Granola
00079176,Festively Shaped Pretzels
00079177,Phyllo Crisps
00079178,Point Reyes TomaRashi Artisan Cheese
00079179,Non-Dairy Oat Creamer Gingerbread
00079181,Whipped Feta Spread
00079199,Cerro Mogotón Nicaragua Small Lot Coffee
00079201,Cinnamon Spiced Coffee
00079207,Pumpkin Spice Cold Brew Coffee Concentrate
00079208,Herb Seasoned Brined Bone In Half Turkey
00079211,Premium Angus Beef Boneless Rib Roast
00079212,Dark Chocolate Covered Caramels
00079214,Dark Chocolate Dipped Candy Cane Marshmallows
00079235,Sparkling Matcha Lemonade
00079260,Leave in Conditioner
00079261,Pumpkin Ultra Moisturizing Hand Cream
00079263,Candy Cane Body Scrub
00079277,Carrot Mini Sheet Cake
00079289,Medium Green Ripe Pitted Olives
00079297,Hot Chocolate Stirring Spoon
00079299,Jingle Jangle for Dogs
00079301,Harvest Brunch Dog Treats
00079323,Bully Chewers
00079330,Granny Smith Apple & Calvados Spirited Fruit Spread
00079345,Citrus Berry Herbal Tea
00079358,Organic Broccoli Slaw
00079363,Vanilla Pumpkin Scented Hand Soap
00079365,Cheesy Bagels
00079370,Lip Butter Balm Duo
00079371,Body Wash & Serum Duo
00079424,Peach Raspberry Crisp
00079429,Sweet & Spicy Rice Cracker Mix
00079434,Crunchy Jicama Slaw
00079458,Festive Chaos of Gummy Candy
00079464,Organic Turkey Bone Broth
00079467,Red Island Australian Extra Virgin Olive Oil
00079468,Cal Pressed California Organic Extra Virgin Olive Oil
00079469,Eliros Extra Virgin Olive Oil
00079481,"Butter with Parmesan, Garlic & Herb"
00079482,Butter with Brown Sugar & Maple Syrup
00079497,Organic Strawberry Lemonade
00079506,Vanilla & Cream Yogurt
00079507,Blueberries & Cream Yogurt
00079508,Meyer Lemon & Cream Yogurt
00079511,Raspberries & Cream Yogurt
00079512,Cocoa Berry Black Tea Blend
00079514,Dark Choclate Thins On the Go! No Sugar Added
00079516,Seville Orange Marmalade Fruit Spread
00079521,German Iced Gingerbread Soft Spiced Cookies
00079524,Pumpkin Spice Chardonnay
00079525,Espresso Martini
00079526,Hardywood Joe-Joe's Chocolate Vanilla Creme Stout
00079528,Mocha Latte Pretzels
00079534,Peppercorn Passport
00079548,Yangnyeom Sauce
00079555,Three Chilis For Your Consideration
00079563,Cassata Baked Ricotta Cheese
00079568,Triple Creme Brie with Calvados Apple Brandy
00079569,Red Leicester Cheese
00079576,Boozy Bottles
00079580,"Angus Chuck, Brisket & Sirloin Beef Patties"
00079601,Elevated Nut Mix
00079606,Oakwood Smoked Trout Fillet
00079614,Corn and Chile Tomato-less Salsa
00079616,Pumpkin Loaf
00079623,Gluten Free Turkey Gravy
00079632,Grand Reserve Syrah Sonoma County 2022
00079652,Parsley Crackers
00079675,Chicken Uncured Bacon Ranch Dip
00079679,Okonomiyaki Japanese Vegetable Pancake
00079681,Sliced Provolone Cheese
00079689,Chicken Chile Verde Burritos
00079708,Sourdough Boules
00079710,Little Leaf Farms Baby Crispy Green Leaf
00079711,Potato Buns
00079714,Single Origin Organic Dark Chocolate with Vanilla Bean
00079718,Cinnamon Sugar Cashews
00079720,Caramelized Onion & Bell Pepper Turkey Patties
00079721,Caesar Broccoli Bake Kit
00079722,Pink Lady Apple Chips
00079723,Chocolate Coffee Flavored Granola
00079725,Barebells Pumpkin Spice Protein Bar
00079727,Crispy Chicken Chips Dog Treats
00079744,Strawberry Mini Hold the Cone!
00079747,Wheat Crisp Crackers
00079753,Caro Sugo Italian Tomato Basil Pasta Sauce
00079775,Cedar Balsam Hand Soap
00079777,Reserve Chardonnay Yountville Napa Valley 2023
00079782,Organic Grass Fed Ribeye Steak Boneless
00079783,Organic Grass Fed NY Strip Steak Boneless
00079785,Organic Grass Fed Tenderloin Steak
00079789,Chocolate & Peanut Butter Lover's Nut Mix
00079817,Garlic Butter Irish Potato Chips
00079819,Cashel Blue® Cheese Irish Potato Chips
00079820,White Queso Dip
00079841,Walker's Milk Chocolate Salted Caramel Shortbread
00079858,Feta Cheese
00079860,"Raspberry, Vanilla & Blueberry Macarons"
00079862,Passion Fruit Meringue Tartelettes
00079863,Chicken Mole
00079890,Vegetable Root Chips
00079900,Sliced Shiitake Mushrooms
00079901,Olive Tapenade Hummus
00079904,Sugar Cookie Dough Hearts
00079910,Organic Grass Fed Top Sirloin Steak
00079948,Uncured Bacon Wrapped Scallops
00079949,Sugared Rice Cracker Hearts
00079952,French Onion Popcorn
00079955,Caesar Salad Dip
00079970,Lemon Poppy Seed Buns
00079986,Mini Pastel Canvas Tote Bags
00079998,Pretzel Buns
00080012,Leaves of Little Gem Lettuce
00080035,Thai Style Peanut Dressing
00080040,Hard Top Chocolate Shell Topping
00080076,GT's Guava Paloma Agua de Kefir
00080077,Hugs & Cookies Peanut Butter Flavor Decorated Dog Treats
00080125,Pizza Ranch Salad Kit
00080146,Chocolate Truffle Eggs
00080147,Organic Concord Grape Jelly
00080148,Perfect Bar Chocolate Mint
00080152,Hot Honey Mustard Dressing
00080244,"Mini Insulated Bag, Lavender and Pink"
00080307,Premium Beef Bone-In Rib Eye Steak
00080322,Italian Chocolate Eggs
00080324,Passion Fruit Sorbet
00080331,Organic Strawberries 1 Lb
00080336,Shishito Peppers
00080337,Creamy Dreamy Hummus
00080342,Sliced Bresaola Uncured Beef Prosciutto
00080347,Celebration Cake Pretzels
00080359,Night Cream
00080402,Frick's Uncured Carver Ham
00080413,Platinum Reserve Cabernet Sauvignon Yountville Napa Valley 2023
00080452,Sunscreen Lip Balm SPF 30
00080499,Hickory Road Smokehouse Uncured Carver Ham
00080525,Milton Creamery Morning Harvest Cheese
00080527,Meatball Calzone
00080530,Margherita Pizza
00080578,"Reusable Bag, Cheese Adventures"
00080584,"Beef, Bean & Cheese Burrito"
00080590,Organic Silken Tofu
00080591,Break Apart Bunny
00080593,Milk Chocolate Bunny Bar
00080610,Spiced Whiskey
00080617,Ultra Rich Body Butter
00080665,Freeze Dried Strawberries
00080672,Grated Parmesan Cheese with Truffle
00080723,Sweetheart White Stilton Cheese
00080742,Yellow Mini Sheet Cake
00080805,Casone Toscana Vermentino 2023
00080806,Casone Toscana Governo All'uso Toscano 2023
00080813,Super Happy Cabernet Sauvignon Sangiovese & Malbec
00080840,Super Nutty Oat Clusters Cereal
00080862,Henri Laffard Grand Reserve Brut Champagne
00080885,Daily Facial Mineral Sunscreen SPF 40
00080886,Invisible Gel Body Sunscreen SPF 40
00080887,Peony Scented Bath Fizzer
00080927,Buffalo Ranch Popcorn
00080929,Springle Jangle for Dogs
00080939,Cinnamon Swirl Bread Sliced
00080947,Asian Style Spicy Peanut Vinaigrette
00080961,Toscano Cheese Crunchy Chili Onion
00080964,Daisy Brand Sour Cream
00081001,Organic Margarita Mix
00081022,Eucalyptus
00081050,Roasted Tomato Labneh Dip
00081051,Sparkling Tea & Lemonade
00081057,Blood Orange Mochi
00081059,La Colombe® Vanilla Cold Brew Draft Latte
00081060,Roasted Green Vegetables
00081067,Spicy Mango Habanero Guacamole
00081073,Easter Joe-Joe's
00081085,Shredded Mozzarella Cheese
00081108,Jelly Bean Flavored Lip Duo
00081188,Whipt™ Plant Based Dairy Free Whipped Coconut
00081195,Reserve Chardonnay Arroyo Seco Monterey County 2023 Lot #262
00081212,Berry Glow Body Set
00081213,Fresh Blooms Ultra Moisturizing Hand Cream
00081225,Pineapple Teriyaki Chicken Meatballs
00081242,Homestyle Angus Beef Meatballs
00081266,Reserve Zinfandel Paso Robles Adelaida District 2023 Lot #265
00081279,Maître Pierre Tarte d' Alsace
00081293,Pollo Asado Autentico
00081300,Organic Guava Fruit Spread
00081316,Organic Sour Apple Watermelon Fruit Leather Wrap
00081341,Easy Bouquet Wrap
00081417,GoMacro® Timeless Treasure Salted Caramel + Chocolate Chips
00081419,Organic Columbia Anei Fair Trade Small Lot Coffee
00081429,Root Beer Float Pieces
00081451,Kramer Farms Cage Free Hard-Boiled Eggs
00081459,"Strawberries & Cream, Bananas & Cream Yogurt Cups"
00081482,Teeny Tiny Strawberry Rhubarb Pies
00081523,Strawberry Doodle Cookies
00081544,Garden Party Scented Candle
00081545,Patislove® Pistachio Dark Chocolate Dubai Style
00081576,Almond Creek Almond Flavored Sparkling Wine
00081677,Organic Kiwi
00081725,Diamond Reserve Cabernet Sauvignon Napa Valley 2023
00081741,Organic Fair Trade Shade Grown Ethiopian Coffee
00081803,Hardywood® Dark Chocolate Peanut Butter Porter
00081809,Just The Clusters Maple Pecan Granola Cereal
00081829,Wintry Blend Ground Coffee
00081837,Fiesta Salad with Shrimp
00081909,Carne Asada Autentica
00081937,Tarongino Frizzante Sparkling Orange Wine
00081938,Copilot Chardonnay 2023
00081939,Copilot Pinot Noir 2023
00081946,Organic Ground Beef Patties 85/15
00082338,Finely Shredded Mexican Style Cheese Blend
00082869,Holiday Challah
00083089,High Protein Organic Tofu
00083177,Steel Cut Oatmeal
00083495,Mango Black Tea
00083524,Grilled Chili Lime Chicken Breast
00083579,Classic Greek Salad
00084791,Vintage Spiced Ale 2024
00085218,Banana Bread Mix
00085378,Freeze Dried Mangosteen
00086161,Strawberry Yogurt O's
00086219,"Daffodils, 10 stems"
00086450,Greek Nonfat Yogurt Plain
00086483,Fully Cooked Uncured Bacon
00086610,Parmigiano Reggiano Stravecchio
00086861,Uncured Pastrami
00086863,Uncured Black Forest Ham
00087175,Cotswold Double Gloucester Cheese
00087390,La Ferme Julien Rosé
00087777,Pretzel Slims
00087785,Strawberry Preserves made with Fresh Strawberries
00088467,Candy Cane Joe-Joe's
00088544,Chevre with Fine Herbs
00088649,Italian Truffle Cheese
00088861,Sipping Chocolate
00090061,Charles Shaw Pinot Grigio
00090083,Roasted & Salted Rosemary Marcona Almonds
00090240,Steamed Lentils
00090397,Extra Lean Ground Beef 96% Lean / 4% Fat
00090460,BBQ Chicken Pizza
00090538,Mushroom & Black Truffle Flatbread
00090594,All Natural Chicken Drumsticks
00090642,Mediterranean Style Hummus
00090701,Pita Bite Crackers
00090725,Organic Dark Chocolate Bar with Almonds
00090741,Mirepoix
00090748,Finely Shredded Lite Mexican Style Cheese Blend
00090761,Corn on the Cob
00090809,Korean Style Beef Short Ribs
00090874,Apple Blossoms
00090879,Spring Rolls with Shrimp
00090959,Dark Chocolate Stars
00090987,Sublime Ice Cream Sandwiches
00091053,Pita Chips
00091072,Organic Kosher Sandwich Pickles
00091082,Ground Beef 80% lean /20% fat
00091087,4 Chocolate Croissants
00091113,Sweet Chili Sauce
00091180,Gingerbread Coffee
00091327,Seedless Watermelon
00091328,Organic Red Bell Peppers
00091580,Green Tea Blueberry & Pomegranate Unsweetened Beverage
00091624,Cape Gooseberries
00091708,Uncured Turkey Bacon
00091749,Ridge Cut Potato Chips with Sea Salt
00091755,Cut Butternut Squash
00091769,Spaghetti Squash
00091838,Organic Persian Cucumbers
00091984,Red and Green Grapes Duo
00092026,Small Red Poinsettia
00092151,Spring Rolls with Tofu
00092157,Sweet Potato Fries
00092172,Cinnamon Raisin Bagels
00092197,Holiday Greens Bunch
00092267,Everything Bagels
00092334,Plain Pizza Dough
00092373,Mango & Cream Bars
00092395,Flour Tortillas
00092427,Garlic Indian Style Flatbread
00092457,Traditional Indian Style Flatbread
00092463,Soy Chorizo
00092482,Organic Corn Chip Dippers
00092558,Organic Ground Beef 85/15
00092686,Wild Arugula
00092700,Charles Shaw White Zinfandel
00092752,Crunchy Curls
00092797,Milk Chocolate Advent Calendar
00092805,Mint Chip Ice Cream
00092815,English Toffee with Nuts
00092835,Pearled Couscous
00092890,Meyer Lemon Cookie Thins
00092966,Cranberry Chèvre Goat Cheese
00092978,Organic Bread Crumbs
00093061,Scallops wrapped in Uncured Bacon
00093089,Taco Seasoning Mix
00093094,Beer Bread Mix
00093108,Mini Gingerbread People
00093173,Turkey Gravy
00093184,The Dark Chocolate Lover's Chocolate Bar
00093196,Potted Multi-Bloom Hydrangea
00093200,100% Colombian Instant Coffee
00093249,Unbleached Enriched All-Purpose Flour
00093281,Tarte aux Champignons
00093288,Double Crème Brie with Truffles
00093401,Peaches
00093417,Battered Fish Nuggets
00093461,Candy Cane Green Tea
00093474,Hass Avocado
00093530,Nectarines
00093595,Traditional Style Fat Free Refried Beans
00093617,Pesto Chicken Breast
00093635,Shredded Organic Mozzarella Cheese
00093706,Reserve North Coast Brut Sparkling Wine
00093848,Shredded Pepper Jack Cheese Blend
00093857,Cut Sweet Potatoes
00093858,Cut Butternut Squash
00093872,Honeycrisp Apples
00093897,Haricots Verts
00093909,Cinnamon Broom
00093920,Pico de Gallo Salsa Mild
00093940,"Spiral Sliced Uncured Ham, Quarter"
00094022,Plain Sparkling Water
00094027,Mandarin Orange Sparkling Water
00094028,Raspberry Lime Sparkling Water
00094030,Lemon Sparkling Water
00094031,Lime Sparkling Water
00094062,Chocolate Passport
00094064,Dark Chocolate Peanut Butter Cups
00094105,Large Red Poinsettia
00094175,"Shaved Parmesan, Romano & Asiago Cheeses"
00094190,"Grapefruit, 5lb bag"
00094235,Cinnamon Coffee Cake
00094250,Grand Reserve Pinot Noir Carneros Lot 23
00094280,Sweet Tea Beverage
00094404,Vegetable Pad Thai
00094499,Organic English Cucumber
00094506,10 Minute Farro
00094535,Toscano Cheese with Black Pepper
00094537,Cara Cara Navel Oranges
00094583,Organic Blue Corn Tortilla Chips
00094599,Everything but the Bagel Seasoned Crackers
00094769,Hashbrowns
00094804,Condensed Cream of Portabella Mushroom Soup
00094838,Peppermint Pretzel Slims
00094889,Golden Rounds Crackers
00095003,Sunscreen Spray SPF 50+
00095018,Raspberries
00095076,Astounding Multi-Flavor Joe-Joe's
00095101,Cranberry Sauce
00095105,Sweetened Green Mango
00095112,Family Style Meat Lasagna
00095115,Creamy Toscano Cheese Dusted with Cinnamon
00095142,Organic Fair Trade Breakfast Blend Medium Roast Coffee
00095153,Kumato Brown Tomatoes
00095214,Fleur de Sel Caramel Sauce
00095231,Spinach Tortellini
00095249,Baingan Bharta
00095252,Malabari Paratha
00095253,Pumpkin Ice Cream
00095281,Raisin Rosemary Crisps
00095287,Persian Cucumbers
00095317,Classic Hamburger Buns
00095341,Gone Bananas!
00095377,Holiday Round Challah
00095409,Pumpkin Cheesecake
00095426,Sharp Cheddar Cheese Cracker Cuts
00095520,Jumbo Yellow Onions
00095552,Cheddar & Gruyere Mèlange Cheese
00095554,Campari Tomatoes
00095577,Organic Pomegranate
00095578,Fuyu Persimmons
00095585,Lil' Tiger Stripe Pumpkin
00095597,Gourmet Jelly Beans Large Bag
00095656,Brie en Croûte
00095732,Greek Nonfat Yogurt Plain
00095764,Rolled Oats
00095882,Organic Tri-Color Bell Peppers
00096032,Double Cream Gouda Cheese
00096070,Organic Virgin Coconut Oil
00096159,Habanero Hot Sauce
00096330,Gluten Free Granola Loaded Fruit & Nut
00096347,Halloween Joe-Joe's Cookies
00096398,Ciabatta Baguette
00096399,Ciabatta Demi-Baguette
00096478,Fig Butter
00096632,Cinnamon Whisk
00096689,Organic Tricolor Quinoa
00096713,Fresh Squeezed Limeade
00096761,Speculoos Cookie Butter
00096766,Premium Salmon Burgers
00096797,Cocoa Almond Spread
00096844,Freeze Dried Raspberries
00096890,"Peaches & Cream, Mango & Cream Yogurt Cups"
00096923,Unexpected Cheddar Cheese
00096937,Turkey Burgers
00096969,Shredded Potato Hash Browns
00097089,Raclette Sliced Cheese
00097136,Mediterranean Hummus Snack Pack with Pita Chips
00097208,Plantain Chips
00097226,Quinoa and Black Bean infused Tortilla Chips
00097232,Five Seed Almond Bars
00097234,Pumpkin Spice Coffee
00097236,Organic Chicken Grill Pack
00097274,1000 Day Gouda Cheese
00097379,Incanto Prosecco
00097401,Kentucky Bourbon
00097436,Lemon Chicken & Arugula Salad
00097438,Ciabatta Rolls
00097581,Pumpkin Recipe Dog Treats
00097621,Raw Milk Cave Aged Le Gruyère
00097706,Kung Pao Chicken
00097761,Shade Grown Espresso Blend
00097892,Glaze
00097897,Chicken-less Mandarin Orange Morsels
00097899,Chickenless Crispy Tenders
00097908,Japanese Style Fried Rice
00097911,"Coconut Water, 1L"
00097915,Reduced Guilt Spinach & Kale Greek Yogurt Dip
00097926,Greek Yogurt with Honey
00097990,Dozen Red Roses
00097991,Dozen Roses Assorted Colors
00097997,Sweet Potato
00098082,Organic Tuscan Kale
00098097,Cecilia Beretta Prosecco
00098188,Vanilla Cultured Coconut Milk
00098189,Blueberry Cultured Coconut Milk
00098253,Baby Shanghai Bok Choy
00098265,4 Almond Croissants
00098293,Mashed Sweet Potatoes
00098333,Blondie Bar Baking Mix
00098530,Organic Fair Trade Wake Up Blend Coffee
00098648,Sun-Dried Tomato & Basil Chicken Tenders
00098652,World's Puffiest Sour Cream & Onion Corn Puffs
00098659,Plumcots™
00098671,Burrata
00098693,Picton Bay Sauvignon Blanc
00098726,Assorted Mum Plants
00098740,Maple Leaf Cookies
00098741,Soft & Juicy Mango
00098861,Sliced Prosciutto
00098882,Smoked Andouille Chicken Sausage
00098901,Premium Extra Virgin Olive Oil
00098906,Dark Chocolate Collection
00098918,Dark Chocolate Sea Salt Caramels Gift Card
00099032,Butter Chicken with Basmati Rice
00099069,Organic Diced & Fire Roasted Tomatoes with Green Chiles
00099085,Chicken Cilantro Mini Wontons
00099095,Russet Potatoes
00099106,Dearly Beloved I Thee Red
00099125,Organic 3 Grain Tempeh
00099131,Super Soft Bath Tissue
00099142,Chicken Tikka Masala
00099264,Organic Free Range Chicken Drumsticks
00099272,Parmesan Pastry Pups
00099283,Greek Nonfat Pumpkin Yogurt
00099284,"Solid White Albacore Tuna, No Salt Added"
00099285,"Solid White Albacore Tuna, Salt Added"
00099318,Caretaker Pinot Noir 2022
00099343,Whole Grain Dijon Mustard
00099425,Dark Chocolate Covered Powerberries
00099438,Gourmet Jelly Beans
00112550,Avocados 4 count
00119993,Peanut Butter
00154205,Brewed Ginger Beer
00156933,100% Mango Juice from Carabao Mangoes
00157035,Organic Young Turkey Free Range
00158268,Boatswain Double I.P.A.
00159714,Boatswain American I.P.A.
00162206,Seltzer Water flavored with Lemon and Ginger Juice
00162590,Simpler Times Lager 12pk
00163261,Sparkling Coconut Water with Yuzu
00165408,Blueberry Lemonade Sparkling Water
00165504,Sparkling Watermelon Juice
00166061,Organic Avocados 4 count
00167582,Sparkling Strawberry Juice
00168349,Sparkling Black Tea with Peach Juice Beverage
00168472,Watermelon Lemonade Sparkling Water
00168559,Sparkling Lemonade
00168699,Lime Flavored Sparkling Water
00168701,Raspberry Lime Sparkling Water
00169074,Sparkling Cranberry Ginger Beverage
00170308,Sparkling Green Tea with Pineapple
00171896,Sparkling Pomegranate Punch Beverage
00172565,Boatswain Hazy IPA
00173044,Starfruit Sparkling Water
00173063,Green Apple Sparkling Water
00173086,Winter Sangria Sparkling Water
00173292,Sparkling White Tea with Pomegranate Juice
00174009,Sparkling Pineapple Juice
00174345,Brewed Ginger Beer
00175113,Josephsbrau Summer Brew
00175114,Henry Hotspur's Hard Pressed for Cider
00175115,The Gourd Tree Pumpkin Cider
00175189,Josephsbrau Hefeweizen
00175193,Josephsbrau Oktoberfest
00175195,Winter Ride Double Bock
00175196,Howling Gourds Pumpkin Ale
00175201,Cranberry Clementine Sparkling Water
00175918,Rainbow's End Trail Mix Bars
00176082,Organic Iced Oatmeal Baked Whole Grain Bar
00176084,Organic Chocolate Chip Baked Whole Grain Bar
00177620,Black Cherry Vanilla Sparkling Water
00177918,Organic Fruit Punch Juice Beverage
00177935,Aperito Spritz
00178890,Everything But The Bartender Classic Lime Margarita
00178911,Sparkling Guava Juice Beverage
00179344,Josephsbrau Grapefruit Radler
00180252,Shredded Bite Sized Wheats
00180300,Everything But The Bartender Cosmopolitan
00181308,Spindrift Island Punch Sparkling Water
00183079,Winter Ride Double Bock
00190351,All Natural Brined Young Turkey (12-16 lbs)
00195290,All Natural Glatt Kosher Young Turkey
00198489,All Natural Brined Young Turkey (18-22 lbs)
00199448,Simpler Times Pilsner
00199681,Tuna Chunks
00204057,Tzatziki Creamy Garlic Cucumber Dip
00248983,Classic Original Water Crackers
00365925,Joe's O's
00385527,Honey O's Sweetened Whole Grain Oats Cereal with Honey
00393027,Organic Butter
00409780,Chocolatey Coated Chocolate Chip Cookie Dunkers
00429924,Roasted & salted Mixed Nuts
00434652,Premium Chunk White Chicken In Water
00450294,Tomato Basil Marinara Sauce
00479103,SPAGHETTI
00502610,Organic Garbanzo Beans
00502627,Organic Black Beans
00508575,Almond beverage
00508988,Inner Peas
00514316,Super Soft Wholemeal medium sliced
00519861,Sourdough Sandwich Bread
00532730,Fig & Olive Crisps
00534413,Creamy Salted Peanut Butter
00534420,Organic Creamy Peanut Butter No Salt Valencia
00542562,Organic Chia Seed
00546720,Natural Beef Jerky Teriyaki
00558600,Organic Ketchup
00560481,Creamy No Stir Peanut Butter Spread
00578790,Organic Tomato & Roasted Red Pepper Soup
00580731,Truly Tortilla Chips White Corn
00583732,Bamba
00591379,Sesame seasoning blend
00592482,Organic Hummus
00609326,Organic Mayonnaise
00614207,Rolled Corn Tortilla Chips Chili & Lime Flavored
00621977,Organic unfiltered honey
00624800,Crunchy Chili Onion
00655835,Organic Garlic Naan Crackers
00665636,Mandarin Orange Chicken
00671729,Organic Super Bread
00680059,Organic Brown Rice Cakes Thins
00683883,Grainless Granola
00701983,Papadums
00707213,Almond Butter filled Pretzel Nuggets
00723008,Organic Heavy Whipping Cream
00723923,Organic Creamy Cashew Cultured Yogurt Plain Unsweetened
00737111,Caramelised Red Onion Chutney
00747103,Digestive
00757522,Organic Seedy Crackers
00761567,Multigrain Crackers with Sunflower and Flax Seeds
00786188,Savory Thin Mini Rice Crackers Multiseed
00787130,Roasted Turkey Breast
00843997,Gyoza Dipping Sauce
00906425,Mediterranean Style Hummus
00907019,PITA BITE CRACKERS
00921138,Butter chicken
00923316,Corn Flakes
00924825,Organic Corn Chic Dippers
00940641,Dark Chocolate Peanut Butter Cups
00945837,Organic Blue corn tortilla chips
00947985,MULTIGRAIN PITA BITE CRACKERS WITH FLAX SEEDS
00948890,Golden Rounds Crackers
00951531,Kumato
00953474,Organic white corn tortilla chips
00957328,Greek yogurt
00967976,Cocoa Almonds Spread
00969376,Turkey Burgers
00972086,PLANTAIN CHIPS
00972260,Quinoa and blck bean tortilla chips
00972321,FIVE SEED ALMOND BARS
00992510,Whole grain bread
10032021,Regression Cocktail
2006050027163,Mélange de noix
2006050027217,Amandes grillées
2006050027309,Pistaches grillées sans sel ajouté
2006050027439,Noix de cajou crues sans sel ajouté
2006050050833,Beurre de cacahuètes Crunchy
2006050133840,Mélange de fruits secs
26007601,Graines pour salade
26022666,Dattes moelleuses
26022697,Cerneaux de noix
26022789,Abricots moelleux
26036083,Cacahuètes - Grillées Salées
26036120,Noix de cajou grillées & salées
26037554,Amandes - Grillées Salées
26038490,Cacahuètes grillées à sec
26061436,Arachides en coque grillées
26073378,Chocolate chip cookies
26087276,Dattes Deglet Nour Branchées
26097916,Amandes décortiquées
26097930,Raisins secs Sultana
29085958,Nuss-Variation
4047247192583,Erdnüsse geröstet und gesalzen
4047247192637,"Walnusskerne, naturbelassen"
4047247192743,"Cashewkerne, naturbelassen"
4047247787628,Datteln
4047247956246,Nut-Mix Natural
4061458038775,Erdnusscreme Crunchy
